Timestamp,Symbol,Signal,Change(%),Action_Status,Price,P&L,Total_Capital,Return(%)
2026-06-22 09:30:00,GAIL,OPEN_SHORT,0.0,pending,175.01,2,0.0,110000.0,0.0,110000.0,0.0
2026-06-22 09:30:00,TATASTEEL,OPEN_SHORT,0.0,pending,199.59,2,0.0,110000.0,0.0,110000.0,0.0
2026-06-22 09:30:00,NTPC,OPEN_SHORT,0.0,pending,365.0,1,0.0,110000.0,0.0,110000.0,0.0
2026-06-22 09:30:00,VEDL,OPEN_LONG,0.0,pending,303.85,1,0.0,110000.0,0.0,110000.0,0.0
2026-06-22 09:30:00,GAIL,SELL,-0.1381,pending,175.01,0,0.0,110000.0,0.0,110000.0,0.0
2026-06-22 09:30:00,ITC,SELL,-0.0387,wait,292.8,0,0.0,110000.0,0.0,110000.0,0.0
2026-06-22 09:30:00,NTPC,SELL,-0.2637,pending,365.0,0,0.0,110000.0,0.0,110000.0,0.0
2026-06-22 09:30:00,ONGC,BUY,0.0273,wait,245.35,0,0.0,110000.0,0.0,110000.0,0.0
2026-06-22 09:30:00,TATASTEEL,SELL,-0.0685,pending,199.59,0,0.0,110000.0,0.0,110000.0,0.0
2026-06-22 09:30:00,VEDL,BUY,0.4284,pending,303.85,0,0.0,110000.0,0.0,110000.0,0.0
2026-06-22 09:45:00,NTPC,FLIP_TO_LONG,0.0,pending,365.75,2,-0.55,110000.0,0.0,110000.0,0.0
2026-06-22 09:45:00,GAIL,SELL,-0.0026,hold,175.11,2,0.26,110000.0,0.0,110000.0,0.0
2026-06-22 09:45:00,ITC,BUY,0.0334,wait,292.8,0,0.0,110000.0,0.0,110000.0,0.0
2026-06-22 09:45:00,NTPC,BUY,0.1296,pending,365.75,1,-0.55,110000.0,0.0,110000.0,0.0
2026-06-22 09:45:00,NTPC,FLIP_TO_LONG,0.0,closed,365.95,2,-0.75,110000.0,-0.75,109999.71,-0.0003
2026-06-22 10:00:00,ONGC,OPEN_SHORT,0.0,pending,247.55,2,0.0,110000.0,-0.75,109999.71,-0.0003
2026-06-22 10:00:00,VEDL,FLIP_TO_SHORT,0.0,pending,305.95,2,2.2,110000.0,-0.75,109999.71,-0.0003
2026-06-22 10:00:00,ONGC,SELL,-0.2106,pending,247.55,0,0.0,110000.0,-0.75,109999.71,-0.0003
2026-06-22 10:00:00,TATASTEEL,SELL,-0.0888,hold,200.05,2,-2.26,110000.0,-0.75,109999.71,-0.0003
2026-06-22 10:00:00,VEDL,SELL,-0.063,pending,305.95,1,2.2,110000.0,-0.75,109999.71,-0.0003
2026-06-22 10:00:00,VEDL,FLIP_TO_SHORT,0.0,closed,306.05,2,2.3,110612.1,1.55,110612.04,0.5564
2026-06-22 10:15:00,ONGC,FLIP_TO_LONG,0.0,pending,247.0,4,0.8,110612.1,1.55,110612.04,0.5564
2026-06-22 10:15:00,ONGC,BUY,0.5781,pending,247.0,2,0.8,110612.1,1.55,110612.04,0.5564
2026-06-22 10:15:00,TATASTEEL,BUY,0.0421,hold,199.9,2,-1.96,110612.1,1.55,110612.04,0.5564
2026-06-22 10:15:00,VEDL,SELL,-0.1457,hold,305.25,1,0.8,110612.1,1.55,110612.04,0.5564
2026-06-22 10:15:00,ONGC,FLIP_TO_LONG,0.0,closed,247.1,4,0.6,110612.1,2.15,110611.74,0.5561
2026-06-22 10:15:00,GAIL,MARKET_CLOSE_EXIT,0.0,closed,175.91,2,-1.34,110612.1,0.81,110611.74,0.5561
2026-06-22 10:15:00,TATASTEEL,MARKET_CLOSE_EXIT,0.0,closed,199.98,2,-2.12,110612.1,-1.31,110611.74,0.5561
2026-06-22 10:15:00,VEDL,MARKET_CLOSE_EXIT,0.0,closed,305.0,1,1.05,110612.1,-0.26,110611.74,0.5561
2026-06-22 10:15:00,ONGC,MARKET_CLOSE_EXIT,0.0,closed,246.85,2,-0.5,111105.8,-0.76,111105.44,1.0049
2026-06-22 10:15:00,NTPC,MARKET_CLOSE_EXIT,0.0,closed,365.85,1,-0.1,111471.65,-0.86,111471.29,1.3375
2026-06-23 10:30:00,CONCOR,OPEN_SHORT,0.0,rejected,481.12661599999996,1,0.0,109921.21,0.0,109921.21,0.0
2026-06-23 10:30:00,CONCOR,SELL,-0.1812,wait,481.12661599999996,0,0.0,109921.21,0.0,109921.21,0.0
2026-06-23 10:30:00,GAIL,BUY,0.0369,wait,176.75,0,0.0,109921.21,0.0,109921.21,0.0
2026-06-23 10:45:00,CONCOR,OPEN_SHORT,0.0,rejected,479.878881,1,0.0,109921.21,0.0,109921.21,0.0
2026-06-23 10:45:00,CONCOR,SELL,-0.1812,wait,479.878881,0,0.0,109921.21,0.0,109921.21,0.0
2026-06-23 10:45:00,GAIL,BUY,0.0371,wait,176.75,0,0.0,109921.21,0.0,109921.21,0.0
2026-06-23 11:00:00,CONCOR,OPEN_SHORT,0.0,rejected,479.1801494,1,0.0,109921.21,0.0,109921.21,0.0
2026-06-23 11:00:00,CONCOR,SELL,-0.1812,wait,479.1801494,0,0.0,109921.21,0.0,109921.21,0.0
2026-06-23 11:00:00,GAIL,BUY,0.0371,wait,176.75,0,0.0,109921.21,0.0,109921.21,0.0
2026-06-23 12:25:00,ITC,OPEN_SHORT,0.0,pending,290.3,1,0.0,109921.21,0.0,109921.21,0.0
2026-06-23 12:25:00,GAIL,BUY,0.037,wait,176.75,0,0.0,109921.21,0.0,109921.21,0.0
2026-06-23 12:25:00,ITC,SELL,-0.2136,pending,290.3,0,0.0,109921.21,0.0,109921.21,0.0
2026-06-23 12:40:00,ITC,EXPAND_SHORT,0.0,pending,290.3,1,0.35,109921.21,0.0,109921.21,0.0
2026-06-23 12:40:00,GAIL,BUY,0.037,wait,176.75,0,0.0,109921.21,0.0,109921.21,0.0
2026-06-23 12:40:00,ITC,SELL,-0.2136,pending,290.3,1,0.35,109921.21,0.0,109921.21,0.0
2026-06-23 12:55:00,ITC,EXPAND_SHORT,0.0,pending,290.3,1,0.4,109921.21,0.0,109921.56,0.0003
2026-06-23 12:55:00,GAIL,BUY,0.0371,wait,176.75,0,0.0,109921.21,0.0,109921.56,0.0003
2026-06-23 12:55:00,ITC,SELL,-0.2136,pending,290.3,2,0.4,109921.21,0.0,109921.56,0.0003
2026-06-23 12:55:00,ITC,MARKET_CLOSE_EXIT,0.0,closed,290.1,3,0.7,109921.21,0.7,109921.61,0.0004
2026-06-23 13:30:00,GAIL,OPEN_SHORT,0.0,pending,176.75,2,0.0,109919.03,0.69,109919.03,-0.0
2026-06-23 13:30:00,NTPC,OPEN_SHORT,0.0,pending,367.85,1,0.0,109919.03,0.69,109919.03,-0.0
2026-06-23 13:30:00,ONGC,OPEN_LONG,0.0,pending,245.05,2,0.0,109919.03,0.69,109919.03,-0.0
2026-06-23 13:30:00,VEDL,OPEN_SHORT,0.0,pending,289.85,1,0.0,109919.03,0.69,109919.03,-0.0
2026-06-23 13:30:00,GAIL,SELL,-0.1078,pending,176.75,0,0.0,109919.03,0.69,109919.03,-0.0
2026-06-23 13:30:00,ITC,SELL,-0.0464,wait,290.3,0,0.0,109919.03,0.69,109919.03,-0.0
2026-06-23 13:30:00,NTPC,SELL,-0.1766,pending,367.85,0,0.0,109919.03,0.69,109919.03,-0.0
2026-06-23 13:30:00,ONGC,BUY,0.3659,pending,245.05,0,0.0,109919.03,0.69,109919.03,-0.0
2026-06-23 13:30:00,VEDL,SELL,-0.483,pending,289.85,0,0.0,109919.03,0.69,109919.03,-0.0
2026-06-23 13:45:00,NTPC,EXPAND_SHORT,0.0,pending,367.85,1,-4.7,109919.03,0.69,109919.03,-0.0
2026-06-23 13:45:00,ONGC,EXPAND_LONG,0.0,pending,245.05,2,1.0,109919.03,0.69,109919.03,-0.0
2026-06-23 13:45:00,VEDL,EXPAND_SHORT,0.0,pending,289.85,1,-8.85,109919.03,0.69,109919.03,-0.0
2026-06-23 13:45:00,GAIL,SELL,-0.1078,hold,176.75,2,-5.72,109919.03,0.69,109919.03,-0.0
2026-06-23 13:45:00,ITC,SELL,-0.0464,wait,290.3,0,0.0,109919.03,0.69,109919.03,-0.0
2026-06-23 13:45:00,NTPC,SELL,-0.1766,pending,367.85,1,-4.7,109919.03,0.69,109919.03,-0.0
2026-06-23 13:45:00,ONGC,BUY,0.3659,pending,245.05,2,1.0,109919.03,0.69,109919.03,-0.0
2026-06-23 13:45:00,VEDL,SELL,-0.483,pending,289.85,1,-8.85,109919.03,0.69,109919.03,-0.0
2026-06-23 14:00:00,NTPC,EXPAND_SHORT,0.0,pending,367.85,1,-8.8,109919.03,0.69,109900.76,-0.0166
2026-06-23 14:00:00,VEDL,EXPAND_SHORT,0.0,pending,289.85,1,-17.3,109919.03,0.69,109900.76,-0.0166
2026-06-23 14:00:00,NTPC,SELL,-0.1766,pending,367.85,2,-8.8,109919.03,0.69,109900.76,-0.0166
2026-06-23 14:00:00,VEDL,SELL,-0.483,pending,289.85,2,-17.3,109919.03,0.69,109900.76,-0.0166
2026-06-23 14:15:00,VEDL,EXPAND_SHORT,0.0,pending,289.85,1,-26.9,109919.03,0.69,109892.93,-0.0237
2026-06-23 14:15:00,NTPC,EXPAND_SHORT,0.0,pending,367.85,1,-13.4,109919.03,0.69,109892.93,-0.0237
2026-06-23 14:15:00,NTPC,SELL,-0.1766,pending,367.85,3,-13.4,109919.03,0.69,109892.93,-0.0237
2026-06-23 14:15:00,VEDL,SELL,-0.483,pending,289.85,3,-26.9,109919.03,0.69,109892.93,-0.0237
2026-06-23 14:15:00,ONGC,MARKET_CLOSE_EXIT,0.0,closed,245.05,4,1.3,110899.23,1.99,110858.93,0.8551
2026-06-23 14:15:00,NTPC,MARKET_CLOSE_EXIT,0.0,closed,364.25,4,-2.65,110899.23,-0.66,110858.93,0.8551
2026-06-23 14:15:00,GAIL,MARKET_CLOSE_EXIT,0.0,closed,174.14,2,-0.5,110899.23,-1.16,110858.93,0.8551
2026-06-23 14:15:00,VEDL,MARKET_CLOSE_EXIT,0.0,closed,279.9,4,3.1,110899.23,1.94,110858.93,0.8551
2026-06-23 14:25:00,ONGC,OPEN_LONG,0.0,pending,245.05,2,0.0,109909.27,1.99,109909.27,-0.0
2026-06-23 14:25:00,GAIL,OPEN_SHORT,0.0,pending,176.75,2,0.0,109909.27,1.99,109909.27,-0.0
2026-06-23 14:25:00,VEDL,OPEN_SHORT,0.0,pending,289.85,1,0.0,109909.27,1.99,109909.27,-0.0
2026-06-23 14:25:00,NTPC,OPEN_SHORT,0.0,pending,367.85,1,0.0,109909.27,1.99,109909.27,-0.0
2026-06-23 14:25:00,GAIL,SELL,-0.1078,pending,176.75,0,0.0,109909.27,1.99,109909.27,-0.0
2026-06-23 14:25:00,ITC,SELL,-0.0464,wait,290.3,0,0.0,109909.27,1.99,109909.27,-0.0
2026-06-23 14:25:00,NTPC,SELL,-0.1766,pending,367.85,0,0.0,109909.27,1.99,109909.27,-0.0
2026-06-23 14:25:00,ONGC,BUY,0.3659,pending,245.05,0,0.0,109909.27,1.99,109909.27,-0.0
2026-06-23 14:25:00,VEDL,SELL,-0.483,pending,289.85,0,0.0,109909.27,1.99,109909.27,-0.0
2026-06-23 14:40:00,VEDL,EXPAND_SHORT,0.0,pending,289.85,1,-9.1,109909.27,1.99,109909.27,-0.0
2026-06-23 14:40:00,ONGC,EXPAND_LONG,0.0,pending,245.05,2,-0.6,109909.27,1.99,109909.27,-0.0
2026-06-23 14:40:00,NTPC,EXPAND_SHORT,0.0,pending,367.85,1,-3.2,109909.27,1.99,109909.27,-0.0
2026-06-23 14:40:00,GAIL,SELL,-0.1078,hold,176.75,2,-5.16,109909.27,1.99,109909.27,-0.0
2026-06-23 14:40:00,ITC,SELL,-0.0464,wait,290.3,0,0.0,109909.27,1.99,109909.27,-0.0
2026-06-23 14:40:00,NTPC,SELL,-0.1766,pending,367.85,1,-3.2,109909.27,1.99,109909.27,-0.0
2026-06-23 14:40:00,ONGC,BUY,0.3659,pending,245.05,2,-0.6,109909.27,1.99,109909.27,-0.0
2026-06-23 14:40:00,VEDL,SELL,-0.483,pending,289.85,1,-9.1,109909.27,1.99,109909.27,-0.0
2026-06-23 14:40:00,GAIL,MARKET_CLOSE_EXIT,0.0,closed,174.61,2,-0.88,109909.27,1.11,109891.21,-0.0164
2026-06-23 14:40:00,ONGC,MARKET_CLOSE_EXIT,0.0,closed,244.95,4,-1.4,110889.07,-0.29,110871.01,0.875
2026-06-23 14:40:00,VEDL,MARKET_CLOSE_EXIT,0.0,closed,282.85,2,-3.85,110889.07,-4.14,110871.01,0.875
2026-06-23 14:40:00,NTPC,MARKET_CLOSE_EXIT,0.0,closed,365.95,2,-1.85,110889.07,-5.99,110871.01,0.875
2026-06-23 15:00:00,VEDL,OPEN_SHORT,0.0,pending,289.85,1,0.0,109896.68,-6.01,109896.68,-0.0
2026-06-23 15:00:00,GAIL,OPEN_SHORT,0.0,pending,176.75,2,0.0,109896.68,-6.01,109896.68,-0.0
2026-06-23 15:00:00,WIPRO,OPEN_SHORT,0.0,pending,178.42,2,0.0,109896.68,-6.01,109896.68,-0.0
2026-06-23 15:00:00,POWERGRID,OPEN_SHORT,0.0,pending,290.4,1,0.0,109896.68,-6.01,109896.68,-0.0
2026-06-23 15:00:00,ONGC,OPEN_LONG,0.0,pending,245.05,2,0.0,109896.68,-6.01,109896.68,-0.0
2026-06-23 15:00:00,COALINDIA,OPEN_LONG,0.0,pending,450.4,1,0.0,109896.68,-6.01,109896.68,-0.0
2026-06-23 15:00:00,NTPC,OPEN_SHORT,0.0,pending,367.85,1,0.0,109896.68,-6.01,109896.68,-0.0
2026-06-23 15:00:00,COALINDIA,BUY,0.1023,pending,450.4,0,0.0,109896.68,-6.01,109896.68,-0.0
2026-06-23 15:00:00,GAIL,SELL,-0.108,pending,176.75,0,0.0,109896.68,-6.01,109896.68,-0.0
2026-06-23 15:00:00,ITC,SELL,-0.0464,wait,290.3,0,0.0,109896.68,-6.01,109896.68,-0.0
2026-06-23 15:00:00,NTPC,SELL,-0.1766,pending,367.85,0,0.0,109896.68,-6.01,109896.68,-0.0
2026-06-23 15:00:00,ONGC,BUY,0.3659,pending,245.05,0,0.0,109896.68,-6.01,109896.68,-0.0
2026-06-23 15:00:00,POWERGRID,SELL,-0.2675,pending,290.4,0,0.0,109896.68,-6.01,109896.68,-0.0
2026-06-23 15:00:00,TATASTEEL,BUY,0.0063,wait,196.95,0,0.0,109896.68,-6.01,109896.68,-0.0
2026-06-23 15:00:00,VEDL,SELL,-0.483,pending,289.85,0,0.0,109896.68,-6.01,109896.68,-0.0
2026-06-23 15:00:00,WIPRO,SELL,-0.1314,pending,178.42,0,0.0,109896.68,-6.01,109896.68,-0.0
2026-06-23 15:00:00,NTPC,COVER_SHORT,0.0,closed,364.35,1,-0.15,109896.68,-6.16,109896.68,-0.0
2026-06-23 15:15:00,VEDL,EXPAND_SHORT,0.0,pending,289.85,1,-7.8,109896.68,-6.16,109896.68,-0.0
2026-06-23 15:15:00,ONGC,EXPAND_LONG,0.0,pending,245.05,2,1.8,109896.68,-6.16,109896.68,-0.0
2026-06-23 15:15:00,GAIL,SELL,-0.1078,hold,176.75,2,-5.48,109896.68,-6.16,109896.68,-0.0
2026-06-23 15:15:00,ITC,SELL,-0.0464,wait,290.3,0,0.0,109896.68,-6.16,109896.68,-0.0
2026-06-23 15:15:00,ONGC,BUY,0.3659,pending,245.05,2,1.8,109896.68,-6.16,109896.68,-0.0
2026-06-23 15:15:00,TATASTEEL,BUY,0.0063,wait,196.95,0,0.0,109896.68,-6.16,109896.68,-0.0
2026-06-23 15:15:00,VEDL,SELL,-0.483,pending,289.85,1,-7.8,109896.68,-6.16,109896.68,-0.0
2026-06-23 15:15:00,WIPRO,SELL,-0.1314,hold,178.42,2,-7.56,109896.68,-6.16,109896.68,-0.0
2026-06-29 09:30:00,POWERGRID,OPEN_LONG,0.0,pending,286.1,1,0.0,109653.42,0.0,109653.42,0.0
2026-06-29 09:30:00,NTPC,OPEN_SHORT,0.0,pending,352.75,1,0.0,109653.42,0.0,109653.42,0.0
2026-06-29 09:30:00,COALINDIA,OPEN_SHORT,0.0,pending,437.65,1,0.0,109653.42,0.0,109653.42,0.0
2026-06-29 09:30:00,AMBUJACEM,OPEN_SHORT,0.0,pending,425.0,1,0.0,109653.42,0.0,109653.42,0.0
2026-06-29 09:30:00,GAIL,OPEN_LONG,0.0,pending,173.0,2,0.0,109653.42,0.0,109653.42,0.0
2026-06-29 09:30:00,TATASTEEL,OPEN_LONG,0.0,pending,189.41,2,0.0,109653.42,0.0,109653.42,0.0
2026-06-29 09:30:00,VEDL,OPEN_LONG,0.0,pending,271.3,1,0.0,109653.42,0.0,109653.42,0.0
2026-06-29 09:30:00,WIPRO,OPEN_LONG,0.0,pending,176.07,2,0.0,109653.42,0.0,109653.42,0.0
2026-06-29 09:30:00,AMBUJACEM,SELL,-0.3733,pending,425.0,0,0.0,109653.42,0.0,109653.42,0.0
2026-06-29 09:30:00,COALINDIA,SELL,-0.0694,pending,437.65,0,0.0,109653.42,0.0,109653.42,0.0
2026-06-29 09:30:00,GAIL,BUY,0.4473,pending,173.0,0,0.0,109653.42,0.0,109653.42,0.0
2026-06-29 09:30:00,ITC,SELL,-0.0346,wait,289.8,0,0.0,109653.42,0.0,109653.42,0.0
2026-06-29 09:30:00,NTPC,SELL,-0.1286,pending,352.75,0,0.0,109653.42,0.0,109653.42,0.0
2026-06-29 09:30:00,ONGC,SELL,-0.0043,wait,235.3,0,0.0,109653.42,0.0,109653.42,0.0
2026-06-29 09:30:00,POWERGRID,BUY,0.0765,pending,286.1,0,0.0,109653.42,0.0,109653.42,0.0
2026-06-29 09:30:00,TATASTEEL,BUY,0.1474,pending,189.41,0,0.0,109653.42,0.0,109653.42,0.0
2026-06-29 09:30:00,VEDL,BUY,0.6612,pending,271.3,0,0.0,109653.42,0.0,109653.42,0.0
2026-06-29 09:30:00,WIPRO,BUY,0.2589,pending,176.07,0,0.0,109653.42,0.0,109653.42,0.0
2026-06-29 09:45:00,AMBUJACEM,BUY,0.034,hold,425.0,1,-3.4,109653.42,0.0,109653.42,0.0
2026-06-29 09:45:00,POWERGRID,MARKET_CLOSE_EXIT,0.0,closed,285.25,1,-0.15,109938.67,-0.15,109935.27,0.257
2026-06-29 09:45:00,AMBUJACEM,MARKET_CLOSE_EXIT,0.0,closed,422.15,1,-0.55,109938.67,-0.7,109935.27,0.257
2026-06-29 09:45:00,NTPC,MARKET_CLOSE_EXIT,0.0,closed,355.3,1,-2.7,109938.67,-3.4,109935.27,0.257
2026-06-29 09:45:00,TATASTEEL,MARKET_CLOSE_EXIT,0.0,closed,190.92,2,3.34,110320.51,-0.06,110317.11,0.6053
2026-06-29 09:45:00,VEDL,MARKET_CLOSE_EXIT,0.0,closed,276.0,1,3.25,110596.51,3.19,110593.11,0.857
2026-06-29 09:45:00,GAIL,MARKET_CLOSE_EXIT,0.0,closed,171.1,2,-1.48,110938.71,1.71,110935.31,1.169
2026-06-29 09:45:00,COALINDIA,MARKET_CLOSE_EXIT,0.0,closed,437.7,1,-0.45,110938.71,1.26,110935.31,1.169
2026-06-29 09:45:00,WIPRO,MARKET_CLOSE_EXIT,0.0,closed,175.05,2,-1.08,111288.81,0.18,111285.41,1.4883
2026-06-29 10:10:00,COALINDIA,OPEN_SHORT,0.0,pending,437.65,1,0.0,109646.3,0.18,109646.3,-0.0
2026-06-29 10:10:00,NTPC,OPEN_SHORT,0.0,pending,352.75,1,0.0,109646.3,0.18,109646.3,-0.0
2026-06-29 10:10:00,AMBUJACEM,OPEN_SHORT,0.0,pending,425.0,1,0.0,109646.3,0.18,109646.3,-0.0
2026-06-29 10:10:00,ITC,OPEN_SHORT,0.0,pending,289.8,1,0.0,109646.3,0.18,109646.3,-0.0
2026-06-29 10:10:00,ONGC,OPEN_SHORT,0.0,pending,235.3,2,0.0,109646.3,0.18,109646.3,-0.0
2026-06-29 10:10:00,WIPRO,OPEN_SHORT,0.0,pending,176.07,2,0.0,109646.3,0.18,109646.3,-0.0
2026-06-29 10:10:00,VEDL,OPEN_LONG,0.0,pending,271.3,1,0.0,109646.3,0.18,109646.3,-0.0
2026-06-29 10:10:00,AMBUJACEM,SELL,-0.088,pending,425.0,0,0.0,109646.3,0.18,109646.3,-0.0
2026-06-29 10:10:00,COALINDIA,SELL,-0.0799,pending,437.65,0,0.0,109646.3,0.18,109646.3,-0.0
2026-06-29 10:10:00,GAIL,BUY,0.0323,wait,173.0,0,0.0,109646.3,0.18,109646.3,-0.0
2026-06-29 10:10:00,ITC,SELL,-0.1228,pending,289.8,0,0.0,109646.3,0.18,109646.3,-0.0
2026-06-29 10:10:00,NTPC,SELL,-0.3342,pending,352.75,0,0.0,109646.3,0.18,109646.3,-0.0
2026-06-29 10:10:00,ONGC,SELL,-0.2798,pending,235.3,0,0.0,109646.3,0.18,109646.3,-0.0
2026-06-29 10:10:00,POWERGRID,BUY,0.0273,wait,286.1,0,0.0,109646.3,0.18,109646.3,-0.0
2026-06-29 10:10:00,TATASTEEL,BUY,0.0467,wait,189.41,0,0.0,109646.3,0.18,109646.3,-0.0
2026-06-29 10:10:00,VEDL,BUY,0.2082,pending,271.3,0,0.0,109646.3,0.18,109646.3,-0.0
2026-06-29 10:10:00,WIPRO,SELL,-0.0738,pending,176.07,0,0.0,109646.3,0.18,109646.3,-0.0
2026-06-29 10:25:00,NTPC,FLIP_TO_LONG,0.0,pending,352.75,2,2.5,109646.3,0.18,109646.3,-0.0
2026-06-29 10:25:00,POWERGRID,OPEN_SHORT,0.0,pending,286.1,1,0.0,109646.3,0.18,109646.3,-0.0
2026-06-29 10:25:00,VEDL,FLIP_TO_SHORT,0.0,pending,271.3,2,-4.3,109646.3,0.18,109646.3,-0.0
2026-06-29 10:25:00,TATASTEEL,OPEN_SHORT,0.0,pending,189.41,2,0.0,109646.3,0.18,109646.3,-0.0
2026-06-29 10:25:00,ITC,FLIP_TO_LONG,0.0,pending,289.8,2,0.7,109646.3,0.18,109646.3,-0.0
2026-06-29 10:25:00,ONGC,FLIP_TO_LONG,0.0,pending,235.3,4,1.3,109646.3,0.18,109646.3,-0.0
2026-06-29 10:25:00,AMBUJACEM,SELL,-0.0226,hold,425.0,1,-4.1,109646.3,0.18,109646.3,-0.0
2026-06-29 10:25:00,COALINDIA,SELL,-0.046,hold,437.65,1,-0.65,109646.3,0.18,109646.3,-0.0
2026-06-29 10:25:00,GAIL,BUY,0.043,wait,173.0,0,0.0,109646.3,0.18,109646.3,-0.0
2026-06-29 10:25:00,ITC,BUY,0.1857,pending,289.8,1,0.7,109646.3,0.18,109646.3,-0.0
2026-06-29 10:25:00,NTPC,BUY,0.2524,pending,352.75,1,2.5,109646.3,0.18,109646.3,-0.0
2026-06-29 10:25:00,ONGC,BUY,0.2654,pending,235.3,2,1.3,109646.3,0.18,109646.3,-0.0
2026-06-29 10:25:00,POWERGRID,SELL,-0.336,pending,286.1,0,0.0,109646.3,0.18,109646.3,-0.0
2026-06-29 10:25:00,TATASTEEL,SELL,-0.0721,pending,189.41,0,0.0,109646.3,0.18,109646.3,-0.0
2026-06-29 10:25:00,VEDL,SELL,-0.1903,pending,271.3,1,-4.3,109646.3,0.18,109646.3,-0.0
2026-06-29 10:25:00,WIPRO,BUY,0.0281,hold,176.07,2,-2.64,109646.3,0.18,109646.3,-0.0
2026-06-29 10:25:00,NTPC,FLIP_TO_LONG,0.0,closed,353.75,2,1.5,109646.3,1.68,109639.11,-0.0066
2026-06-29 10:25:00,VEDL,FLIP_TO_SHORT,0.0,closed,275.9,2,0.3,110198.1,1.98,110190.91,0.4967
2026-06-29 10:25:00,ONGC,FLIP_TO_LONG,0.0,closed,235.85,4,0.2,110198.1,2.18,110190.91,0.4967
2026-06-29 10:25:00,ITC,FLIP_TO_LONG,0.0,closed,291.0,2,-0.5,110198.1,1.68,110190.91,0.4967
2026-06-29 10:40:00,GAIL,OPEN_LONG,0.0,pending,173.0,2,0.0,110198.1,1.68,110190.91,0.4967
2026-06-29 10:40:00,POWERGRID,FLIP_TO_LONG,0.0,pending,286.1,2,-0.85,110198.1,1.68,110190.91,0.4967
2026-06-29 10:40:00,AMBUJACEM,FLIP_TO_LONG,0.0,pending,425.0,2,-4.1,110198.1,1.68,110190.91,0.4967
2026-06-29 10:40:00,ITC,FLIP_TO_SHORT,0.0,pending,289.8,2,-1.2,110198.1,1.68,110190.91,0.4967
2026-06-29 10:40:00,COALINDIA,FLIP_TO_LONG,0.0,pending,437.65,2,-0.65,110198.1,1.68,110190.91,0.4967
2026-06-29 10:40:00,VEDL,FLIP_TO_LONG,0.0,pending,271.3,2,4.6,110198.1,1.68,110190.91,0.4967
2026-06-29 10:40:00,AMBUJACEM,BUY,0.3734,pending,425.0,1,-4.1,110198.1,1.68,110190.91,0.4967
2026-06-29 10:40:00,COALINDIA,BUY,0.3055,pending,437.65,1,-0.65,110198.1,1.68,110190.91,0.4967
2026-06-29 10:40:00,GAIL,BUY,0.2507,pending,173.0,0,0.0,110198.1,1.68,110190.91,0.4967
2026-06-29 10:40:00,ITC,SELL,-0.1553,pending,289.8,1,-1.2,110198.1,1.68,110190.91,0.4967
2026-06-29 10:40:00,NTPC,BUY,0.0881,hold,352.75,1,-1.0,110198.1,1.68,110190.91,0.4967
2026-06-29 10:40:00,ONGC,BUY,0.0111,hold,235.3,2,-1.1,110198.1,1.68,110190.91,0.4967
2026-06-29 10:40:00,POWERGRID,BUY,0.1747,pending,286.1,1,-0.85,110198.1,1.68,110190.91,0.4967
2026-06-29 10:40:00,TATASTEEL,BUY,0.0315,hold,189.41,2,2.78,110198.1,1.68,110190.91,0.4967
2026-06-29 10:40:00,VEDL,BUY,0.1378,pending,271.3,1,4.6,110198.1,1.68,110190.91,0.4967
2026-06-29 10:40:00,WIPRO,BUY,0.0408,hold,176.07,2,-2.64,110198.1,1.68,110190.91,0.4967
2026-06-29 10:40:00,POWERGRID,FLIP_TO_LONG,0.0,closed,284.9,2,0.35,110198.1,2.03,110193.94,0.4995
2026-06-29 10:40:00,AMBUJACEM,FLIP_TO_LONG,0.0,closed,422.95,2,-2.05,110198.1,-0.02,110193.94,0.4995
2026-06-29 10:40:00,COALINDIA,FLIP_TO_LONG,0.0,closed,438.7,2,-1.7,110198.1,-1.72,110193.94,0.4995
2026-06-29 10:40:00,VEDL,FLIP_TO_LONG,0.0,closed,276.05,2,-0.15,110198.1,-1.87,110193.94,0.4995
2026-06-29 10:40:00,ITC,FLIP_TO_SHORT,0.0,closed,290.65,2,-0.35,110779.4,-2.22,110775.24,1.0296
2026-06-29 10:55:00,AMBUJACEM,FLIP_TO_SHORT,0.0,pending,425.0,2,2.05,110779.4,-2.22,110775.24,1.0296
2026-06-29 10:55:00,ONGC,FLIP_TO_SHORT,0.0,pending,235.3,4,-1.1,110779.4,-2.22,110775.24,1.0296
2026-06-29 10:55:00,NTPC,FLIP_TO_SHORT,0.0,pending,352.75,2,-1.0,110779.4,-2.22,110775.24,1.0296
2026-06-29 10:55:00,GAIL,FLIP_TO_SHORT,0.0,pending,173.0,4,3.54,110779.4,-2.22,110775.24,1.0296
2026-06-29 10:55:00,COALINDIA,FLIP_TO_SHORT,0.0,pending,437.65,2,-1.05,110779.4,-2.22,110775.24,1.0296
2026-06-29 10:55:00,ITC,FLIP_TO_LONG,0.0,pending,289.8,2,0.85,110779.4,-2.22,110775.24,1.0296
2026-06-29 10:55:00,AMBUJACEM,SELL,-0.2897,pending,425.0,1,2.05,110779.4,-2.22,110775.24,1.0296
2026-06-29 10:55:00,COALINDIA,SELL,-0.2578,pending,437.65,1,-1.05,110779.4,-2.22,110775.24,1.0296
2026-06-29 10:55:00,GAIL,SELL,-0.3183,pending,173.0,2,3.54,110779.4,-2.22,110775.24,1.0296
2026-06-29 10:55:00,ITC,BUY,0.1174,pending,289.8,1,0.85,110779.4,-2.22,110775.24,1.0296
2026-06-29 10:55:00,NTPC,SELL,-0.2103,pending,352.75,1,-1.0,110779.4,-2.22,110775.24,1.0296
2026-06-29 10:55:00,ONGC,SELL,-0.055,pending,235.3,2,-1.1,110779.4,-2.22,110775.24,1.0296
2026-06-29 10:55:00,POWERGRID,BUY,0.0281,hold,286.1,1,1.2,110779.4,-2.22,110775.24,1.0296
2026-06-29 10:55:00,TATASTEEL,SELL,-0.0324,hold,189.41,2,2.78,110779.4,-2.22,110775.24,1.0296
2026-06-29 10:55:00,VEDL,BUY,0.0325,hold,271.3,1,-4.75,110779.4,-2.22,110775.24,1.0296
2026-06-29 10:55:00,WIPRO,BUY,0.0385,hold,176.07,2,-2.64,110779.4,-2.22,110775.24,1.0296
2026-06-29 10:55:00,AMBUJACEM,FLIP_TO_SHORT,0.0,closed,423.0,2,0.05,111625.4,-2.17,111625.28,1.8049
2026-06-29 10:55:00,ONGC,FLIP_TO_SHORT,0.0,closed,234.95,4,-1.8,112565.2,-3.97,112565.08,2.662
2026-06-29 10:55:00,GAIL,FLIP_TO_SHORT,0.0,closed,171.74,4,1.02,113252.16,-2.95,113252.04,3.2885
2026-06-29 10:55:00,COALINDIA,FLIP_TO_SHORT,0.0,closed,437.2,2,-1.5,114126.56,-4.45,114126.44,4.086
2026-06-29 10:55:00,ITC,FLIP_TO_LONG,0.0,closed,291.3,2,-0.65,114126.56,-5.1,114126.44,4.086
2026-06-29 10:55:00,NTPC,FLIP_TO_SHORT,0.0,closed,354.6,2,0.85,114835.76,-4.25,114835.64,4.7328
2026-06-29 10:55:00,AMBUJACEM,COVER_SHORT,0.0,closed,424.9,1,-1.9,114835.76,-6.15,114835.64,4.7328
2026-06-29 11:10:00,ITC,FLIP_TO_SHORT,0.0,pending,289.8,2,-1.5,114835.76,-6.15,114835.64,4.7328
2026-06-29 11:10:00,POWERGRID,FLIP_TO_SHORT,0.0,pending,286.1,2,1.2,114835.76,-6.15,114835.64,4.7328
2026-06-29 11:10:00,NTPC,FLIP_TO_LONG,0.0,pending,352.75,2,1.85,114835.76,-6.15,114835.64,4.7328
2026-06-29 11:10:00,COALINDIA,FLIP_TO_LONG,0.0,pending,437.65,2,-0.45,114835.76,-6.15,114835.64,4.7328
2026-06-29 11:10:00,VEDL,FLIP_TO_SHORT,0.0,pending,271.3,2,-4.75,114835.76,-6.15,114835.64,4.7328
2026-06-29 11:10:00,TATASTEEL,FLIP_TO_LONG,0.0,pending,189.41,4,2.78,114835.76,-6.15,114835.64,4.7328
2026-06-29 11:10:00,COALINDIA,BUY,0.111,pending,437.65,1,-0.45,114835.76,-6.15,114835.64,4.7328
2026-06-29 11:10:00,GAIL,BUY,0.0079,hold,173.0,2,-2.52,114835.76,-6.15,114835.64,4.7328
2026-06-29 11:10:00,ITC,SELL,-0.0716,pending,289.8,1,-1.5,114835.76,-6.15,114835.64,4.7328
2026-06-29 11:10:00,NTPC,BUY,0.2148,pending,352.75,1,1.85,114835.76,-6.15,114835.64,4.7328
2026-06-29 11:10:00,ONGC,SELL,-0.0391,hold,235.3,2,-0.7,114835.76,-6.15,114835.64,4.7328
2026-06-29 11:10:00,POWERGRID,SELL,-0.066,pending,286.1,1,1.2,114835.76,-6.15,114835.64,4.7328
2026-06-29 11:10:00,TATASTEEL,BUY,0.0964,pending,189.41,2,2.78,114835.76,-6.15,114835.64,4.7328
2026-06-29 11:10:00,VEDL,SELL,-0.0725,pending,271.3,1,-4.75,114835.76,-6.15,114835.64,4.7328
2026-06-29 11:10:00,WIPRO,SELL,-0.1165,hold,176.07,2,-2.64,114835.76,-6.15,114835.64,4.7328
2026-06-29 11:10:00,ITC,FLIP_TO_SHORT,0.0,closed,291.4,2,0.1,115418.56,-6.05,115411.83,5.2583
2026-06-29 11:10:00,POWERGRID,FLIP_TO_SHORT,0.0,closed,285.0,2,0.1,115988.56,-5.95,115981.83,5.7781
2026-06-29 11:10:00,NTPC,FLIP_TO_LONG,0.0,closed,354.6,2,0.0,115988.56,-5.95,115981.83,5.7781
2026-06-29 11:10:00,COALINDIA,FLIP_TO_LONG,0.0,closed,435.95,2,1.25,115988.56,-4.7,115981.83,5.7781
2026-06-29 11:10:00,VEDL,FLIP_TO_SHORT,0.0,closed,275.9,2,-0.15,116540.36,-4.85,116533.63,6.2814
2026-06-29 11:10:00,TATASTEEL,FLIP_TO_LONG,0.0,closed,190.3,4,1.0,116540.36,-3.85,116533.63,6.2814
2026-06-29 11:25:00,GAIL,FLIP_TO_LONG,0.0,pending,173.0,4,-2.52,116540.36,-3.85,116533.63,6.2814
2026-06-29 11:25:00,COALINDIA,FLIP_TO_SHORT,0.0,pending,437.65,2,1.7,116540.36,-3.85,116533.63,6.2814
2026-06-29 11:25:00,ONGC,FLIP_TO_LONG,0.0,pending,235.3,4,-0.7,116540.36,-3.85,116533.63,6.2814
2026-06-29 11:25:00,TATASTEEL,EXPAND_LONG,0.0,pending,189.41,2,-1.78,116540.36,-3.85,116533.63,6.2814
2026-06-29 11:25:00,POWERGRID,FLIP_TO_LONG,0.0,pending,286.1,2,-1.1,116540.36,-3.85,116533.63,6.2814
2026-06-29 11:25:00,COALINDIA,SELL,-0.156,pending,437.65,1,1.7,116540.36,-3.85,116533.63,6.2814
2026-06-29 11:25:00,GAIL,BUY,0.1397,pending,173.0,2,-2.52,116540.36,-3.85,116533.63,6.2814
2026-06-29 11:25:00,ITC,BUY,0.0022,hold,289.8,1,1.6,116540.36,-3.85,116533.63,6.2814
2026-06-29 11:25:00,NTPC,BUY,0.003,hold,352.75,1,-1.85,116540.36,-3.85,116533.63,6.2814
2026-06-29 11:25:00,ONGC,BUY,0.0999,pending,235.3,2,-0.7,116540.36,-3.85,116533.63,6.2814
2026-06-29 11:25:00,POWERGRID,BUY,0.2498,pending,286.1,1,-1.1,116540.36,-3.85,116533.63,6.2814
2026-06-29 11:25:00,TATASTEEL,BUY,0.4419,pending,189.41,2,-1.78,116540.36,-3.85,116533.63,6.2814
2026-06-29 11:25:00,VEDL,SELL,-0.1223,hold,271.3,1,4.6,116540.36,-3.85,116533.63,6.2814
2026-06-29 11:25:00,WIPRO,SELL,-0.1103,hold,176.07,2,-2.64,116540.36,-3.85,116533.63,6.2814
2026-06-29 11:25:00,GAIL,FLIP_TO_LONG,0.0,closed,172.55,4,-1.62,116540.36,-5.47,116537.67,6.2851
2026-06-29 11:25:00,COALINDIA,FLIP_TO_SHORT,0.0,closed,435.85,2,-0.1,117412.06,-5.57,117409.37,7.0801
2026-06-29 11:25:00,ONGC,FLIP_TO_LONG,0.0,closed,234.8,4,0.3,117412.06,-5.27,117409.37,7.0801
2026-06-29 11:25:00,POWERGRID,FLIP_TO_LONG,0.0,closed,286.0,2,-1.0,117412.06,-6.27,117409.37,7.0801
2026-06-29 11:25:00,WIPRO,COVER_SHORT,0.0,closed,176.1,2,-2.7,117412.06,-8.97,117409.37,7.0801
2026-06-29 11:25:00,COALINDIA,COVER_SHORT,0.0,closed,438.15,1,-2.3,117412.06,-11.27,117409.37,7.0801
2026-06-29 11:40:00,TATASTEEL,FLIP_TO_SHORT,0.0,pending,189.41,8,-4.52,117412.06,-11.27,117409.37,7.0801
2026-06-29 11:40:00,POWERGRID,FLIP_TO_SHORT,0.0,pending,286.1,2,0.1,117412.06,-11.27,117409.37,7.0801
2026-06-29 11:40:00,GAIL,EXPAND_LONG,0.0,pending,173.0,2,0.9,117412.06,-11.27,117409.37,7.0801
2026-06-29 11:40:00,VEDL,EXPAND_SHORT,0.0,pending,271.3,1,4.6,117412.06,-11.27,117409.37,7.0801
2026-06-29 11:40:00,GAIL,BUY,0.2154,pending,173.0,2,0.9,117412.06,-11.27,117409.37,7.0801
2026-06-29 11:40:00,ITC,BUY,0.0021,hold,289.8,1,1.6,117412.06,-11.27,117409.37,7.0801
2026-06-29 11:40:00,NTPC,BUY,0.0703,hold,352.75,1,-1.85,117412.06,-11.27,117409.37,7.0801
2026-06-29 11:40:00,ONGC,BUY,0.0169,hold,235.3,2,1.0,117412.06,-11.27,117409.37,7.0801
2026-06-29 11:40:00,POWERGRID,SELL,-0.1192,pending,286.1,1,0.1,117412.06,-11.27,117409.37,7.0801
2026-06-29 11:40:00,TATASTEEL,SELL,-0.5739,pending,189.41,4,-4.52,117412.06,-11.27,117409.37,7.0801
2026-06-29 11:40:00,VEDL,SELL,-0.2313,pending,271.3,1,4.6,117412.06,-11.27,117409.37,7.0801
2026-06-29 11:40:00,TATASTEEL,FLIP_TO_SHORT,0.0,closed,190.58,8,0.16,118936.7,-11.11,118938.53,8.4747
2026-06-29 11:40:00,POWERGRID,FLIP_TO_SHORT,0.0,closed,286.1,2,0.1,119508.9,-11.01,119510.73,8.9966
2026-06-29 11:55:00,ITC,FLIP_TO_LONG,0.0,pending,289.8,2,1.6,119508.9,-11.01,119510.73,8.9966
2026-06-29 11:55:00,NTPC,FLIP_TO_SHORT,0.0,pending,352.75,2,-1.85,119508.9,-11.01,119510.73,8.9966
2026-06-29 11:55:00,ONGC,FLIP_TO_SHORT,0.0,pending,235.3,4,1.0,119508.9,-11.01,119510.73,8.9966
2026-06-29 11:55:00,GAIL,FLIP_TO_SHORT,0.0,pending,173.0,8,2.46,119508.9,-11.01,119510.73,8.9966
2026-06-29 11:55:00,POWERGRID,EXPAND_SHORT,0.0,pending,286.1,1,0.0,119508.9,-11.01,119510.73,8.9966
2026-06-29 11:55:00,GAIL,SELL,-0.3953,pending,173.0,4,2.46,119508.9,-11.01,119510.73,8.9966
2026-06-29 11:55:00,ITC,BUY,0.2041,pending,289.8,1,1.6,119508.9,-11.01,119510.73,8.9966
2026-06-29 11:55:00,NTPC,SELL,-0.3713,pending,352.75,1,-1.85,119508.9,-11.01,119510.73,8.9966
2026-06-29 11:55:00,ONGC,SELL,-0.1578,pending,235.3,2,1.0,119508.9,-11.01,119510.73,8.9966
2026-06-29 11:55:00,POWERGRID,SELL,-0.2255,pending,286.1,1,0.0,119508.9,-11.01,119510.73,8.9966
2026-06-29 11:55:00,TATASTEEL,SELL,-0.0447,hold,189.41,4,4.68,119508.9,-11.01,119510.73,8.9966
2026-06-29 11:55:00,VEDL,SELL,-0.0486,hold,271.3,2,8.2,119508.9,-11.01,119510.73,8.9966
2026-06-29 11:55:00,ITC,FLIP_TO_LONG,0.0,closed,291.0,2,0.4,119508.9,-10.61,119524.99,9.0096
2026-06-29 11:55:00,NTPC,FLIP_TO_SHORT,0.0,closed,357.1,2,2.5,120223.1,-8.11,120239.19,9.661
2026-06-29 11:55:00,ONGC,FLIP_TO_SHORT,0.0,closed,235.5,4,1.4,121165.1,-6.71,121181.19,10.5201
2026-06-29 11:55:00,GAIL,FLIP_TO_SHORT,0.0,closed,173.11,8,2.9,122549.98,-3.81,122566.07,11.7831
2026-06-29 12:10:00,POWERGRID,FLIP_TO_LONG,0.0,pending,286.1,4,0.95,122549.98,-3.81,122566.07,11.7831
2026-06-29 12:10:00,ITC,FLIP_TO_SHORT,0.0,pending,289.8,2,-1.2,122549.98,-3.81,122566.07,11.7831
2026-06-29 12:10:00,GAIL,FLIP_TO_LONG,0.0,pending,173.0,8,0.44,122549.98,-3.81,122566.07,11.7831
2026-06-29 12:10:00,TATASTEEL,FLIP_TO_LONG,0.0,pending,189.41,8,4.68,122549.98,-3.81,122566.07,11.7831
2026-06-29 12:10:00,ONGC,FLIP_TO_LONG,0.0,pending,235.3,4,0.4,122549.98,-3.81,122566.07,11.7831
2026-06-29 12:10:00,VEDL,FLIP_TO_LONG,0.0,pending,271.3,4,8.2,122549.98,-3.81,122566.07,11.7831
2026-06-29 12:10:00,GAIL,BUY,0.0859,pending,173.0,4,0.44,122549.98,-3.81,122566.07,11.7831
2026-06-29 12:10:00,ITC,SELL,-0.1657,pending,289.8,1,-1.2,122549.98,-3.81,122566.07,11.7831
2026-06-29 12:10:00,NTPC,SELL,-0.0199,hold,352.75,1,4.35,122549.98,-3.81,122566.07,11.7831
2026-06-29 12:10:00,ONGC,BUY,0.0954,pending,235.3,2,0.4,122549.98,-3.81,122566.07,11.7831
2026-06-29 12:10:00,POWERGRID,BUY,0.1313,pending,286.1,2,0.95,122549.98,-3.81,122566.07,11.7831
2026-06-29 12:10:00,TATASTEEL,BUY,0.1483,pending,189.41,4,4.68,122549.98,-3.81,122566.07,11.7831
2026-06-29 12:10:00,VEDL,BUY,0.5072,pending,271.3,2,8.2,122549.98,-3.81,122566.07,11.7831
2026-06-29 12:10:00,POWERGRID,FLIP_TO_LONG,0.0,closed,287.1,4,-1.05,122549.98,-4.86,122567.8,11.7847
2026-06-29 12:10:00,ITC,FLIP_TO_SHORT,0.0,closed,290.4,2,-0.6,123130.78,-5.46,123148.6,12.3144
2026-06-29 12:10:00,GAIL,FLIP_TO_LONG,0.0,closed,172.84,8,1.08,123130.78,-4.38,123148.6,12.3144
2026-06-29 12:10:00,TATASTEEL,FLIP_TO_LONG,0.0,closed,190.63,8,-0.2,123130.78,-4.58,123148.6,12.3144
2026-06-29 12:10:00,ONGC,FLIP_TO_LONG,0.0,closed,235.05,4,0.9,123130.78,-3.68,123148.6,12.3144
2026-06-29 12:10:00,VEDL,FLIP_TO_LONG,0.0,closed,275.8,4,-0.8,123130.78,-4.48,123148.6,12.3144
2026-06-29 12:25:00,VEDL,FLIP_TO_SHORT,0.0,pending,271.3,4,-9.0,123130.78,-4.48,123148.6,12.3144
2026-06-29 12:25:00,NTPC,FLIP_TO_LONG,0.0,pending,352.75,2,4.35,123130.78,-4.48,123148.6,12.3144
2026-06-29 12:25:00,ONGC,FLIP_TO_SHORT,0.0,pending,235.3,4,0.5,123130.78,-4.48,123148.6,12.3144
2026-06-29 12:25:00,GAIL,BUY,0.0588,hold,173.0,4,0.64,123130.78,-4.48,123148.6,12.3144
2026-06-29 12:25:00,ITC,SELL,-0.0597,hold,289.8,1,0.6,123130.78,-4.48,123148.6,12.3144
2026-06-29 12:25:00,NTPC,BUY,0.3548,pending,352.75,1,4.35,123130.78,-4.48,123148.6,12.3144
2026-06-29 12:25:00,ONGC,SELL,-0.1033,pending,235.3,2,0.5,123130.78,-4.48,123148.6,12.3144
2026-06-29 12:25:00,POWERGRID,BUY,0.0891,hold,286.1,2,-2.0,123130.78,-4.48,123148.6,12.3144
2026-06-29 12:25:00,TATASTEEL,BUY,0.1331,hold,189.41,4,-4.88,123130.78,-4.48,123148.6,12.3144
2026-06-29 12:25:00,VEDL,SELL,-0.1167,pending,271.3,2,-9.0,123130.78,-4.48,123148.6,12.3144
2026-06-29 12:25:00,VEDL,FLIP_TO_SHORT,0.0,closed,275.85,4,0.1,124234.18,-4.38,124224.39,13.2956
2026-06-29 12:25:00,NTPC,FLIP_TO_LONG,0.0,closed,356.7,2,0.4,124234.18,-3.98,124224.39,13.2956
2026-06-29 12:25:00,ONGC,FLIP_TO_SHORT,0.0,closed,235.7,4,1.3,125176.98,-2.68,125167.19,14.1554
2026-06-29 12:40:00,VEDL,EXPAND_SHORT,0.0,pending,271.3,1,9.1,125176.98,-2.68,125167.19,14.1554
2026-06-29 12:40:00,ITC,FLIP_TO_LONG,0.0,pending,289.8,2,0.6,125176.98,-2.68,125167.19,14.1554
2026-06-29 12:40:00,GAIL,EXPAND_LONG,0.0,pending,173.0,2,0.64,125176.98,-2.68,125167.19,14.1554
2026-06-29 12:40:00,NTPC,EXPAND_LONG,0.0,pending,352.75,1,-3.95,125176.98,-2.68,125167.19,14.1554
2026-06-29 12:40:00,ONGC,FLIP_TO_LONG,0.0,pending,235.3,4,0.8,125176.98,-2.68,125167.19,14.1554
2026-06-29 12:40:00,TATASTEEL,EXPAND_LONG,0.0,pending,189.41,2,-4.88,125176.98,-2.68,125167.19,14.1554
2026-06-29 12:40:00,GAIL,BUY,0.3128,pending,173.0,4,0.64,125176.98,-2.68,125167.19,14.1554
2026-06-29 12:40:00,ITC,BUY,0.169,pending,289.8,1,0.6,125176.98,-2.68,125167.19,14.1554
2026-06-29 12:40:00,NTPC,BUY,0.1569,pending,352.75,1,-3.95,125176.98,-2.68,125167.19,14.1554
2026-06-29 12:40:00,ONGC,BUY,0.3027,pending,235.3,2,0.8,125176.98,-2.68,125167.19,14.1554
2026-06-29 12:40:00,POWERGRID,SELL,-0.0229,hold,286.1,2,-2.0,125176.98,-2.68,125167.19,14.1554
2026-06-29 12:40:00,TATASTEEL,BUY,0.1963,pending,189.41,4,-4.88,125176.98,-2.68,125167.19,14.1554
2026-06-29 12:40:00,VEDL,SELL,-0.2186,pending,271.3,2,9.1,125176.98,-2.68,125167.19,14.1554
2026-06-29 12:40:00,ITC,FLIP_TO_LONG,0.0,closed,289.85,2,0.55,125176.98,-2.13,125177.29,14.1646
2026-06-29 12:40:00,ONGC,FLIP_TO_LONG,0.0,closed,235.1,4,1.2,125176.98,-0.93,125177.29,14.1646
2026-06-29 12:55:00,GAIL,FLIP_TO_SHORT,0.0,pending,173.0,12,2.0,125176.98,-0.93,125177.29,14.1646
2026-06-29 12:55:00,VEDL,FLIP_TO_LONG,0.0,pending,271.3,6,13.55,125176.98,-0.93,125177.29,14.1646
2026-06-29 12:55:00,TATASTEEL,FLIP_TO_SHORT,0.0,pending,189.41,12,-5.72,125176.98,-0.93,125177.29,14.1646
2026-06-29 12:55:00,NTPC,FLIP_TO_SHORT,0.0,pending,352.75,4,-6.8,125176.98,-0.93,125177.29,14.1646
2026-06-29 12:55:00,GAIL,SELL,-0.1285,pending,173.0,6,2.0,125176.98,-0.93,125177.29,14.1646
2026-06-29 12:55:00,ITC,BUY,0.1146,hold,289.8,1,-0.05,125176.98,-0.93,125177.29,14.1646
2026-06-29 12:55:00,NTPC,SELL,-0.0794,pending,352.75,2,-6.8,125176.98,-0.93,125177.29,14.1646
2026-06-29 12:55:00,ONGC,SELL,-0.0347,hold,235.3,2,0.4,125176.98,-0.93,125177.29,14.1646
2026-06-29 12:55:00,POWERGRID,BUY,0.054,hold,286.1,2,-2.0,125176.98,-0.93,125177.29,14.1646
2026-06-29 12:55:00,TATASTEEL,SELL,-0.057,pending,189.41,6,-5.72,125176.98,-0.93,125177.29,14.1646
2026-06-29 12:55:00,VEDL,BUY,0.1474,pending,271.3,3,13.55,125176.98,-0.93,125177.29,14.1646
2026-06-29 12:55:00,GAIL,FLIP_TO_SHORT,0.0,closed,172.43,12,-1.42,127246.14,-2.35,127247.52,16.0527
2026-06-29 12:55:00,VEDL,FLIP_TO_LONG,0.0,closed,275.95,6,-0.4,127246.14,-2.75,127247.52,16.0527
2026-06-29 12:55:00,TATASTEEL,FLIP_TO_SHORT,0.0,closed,189.23,12,-6.8,129516.9,-9.55,129518.28,18.1237
2026-06-29 12:55:00,NTPC,FLIP_TO_SHORT,0.0,closed,354.9,4,-2.5,130936.5,-12.05,130937.88,19.4184
2026-06-29 13:10:00,ONGC,FLIP_TO_SHORT,0.0,pending,235.3,4,0.4,130936.5,-12.05,130937.88,19.4184
2026-06-29 13:10:00,NTPC,EXPAND_SHORT,0.0,pending,352.75,1,4.3,130936.5,-12.05,130937.88,19.4184
2026-06-29 13:10:00,GAIL,EXPAND_SHORT,0.0,pending,173.0,2,-3.42,130936.5,-12.05,130937.88,19.4184
2026-06-29 13:10:00,ITC,FLIP_TO_SHORT,0.0,pending,289.8,2,-0.05,130936.5,-12.05,130937.88,19.4184
2026-06-29 13:10:00,GAIL,SELL,-0.1863,pending,173.0,6,-3.42,130936.5,-12.05,130937.88,19.4184
2026-06-29 13:10:00,ITC,SELL,-0.2612,pending,289.8,1,-0.05,130936.5,-12.05,130937.88,19.4184
2026-06-29 13:10:00,NTPC,SELL,-0.2168,pending,352.75,2,4.3,130936.5,-12.05,130937.88,19.4184
2026-06-29 13:10:00,ONGC,SELL,-0.2406,pending,235.3,2,0.4,130936.5,-12.05,130937.88,19.4184
2026-06-29 13:10:00,POWERGRID,SELL,-0.0281,hold,286.1,2,-2.0,130936.5,-12.05,130937.88,19.4184
2026-06-29 13:10:00,TATASTEEL,SELL,-0.0599,hold,189.41,6,-1.08,130936.5,-12.05,130937.88,19.4184
2026-06-29 13:10:00,VEDL,BUY,0.0191,hold,271.3,3,-13.95,130936.5,-12.05,130937.88,19.4184
2026-06-29 13:10:00,ONGC,FLIP_TO_SHORT,0.0,closed,232.6,4,-5.0,131866.9,-17.05,131851.1,20.2513
2026-06-29 13:10:00,ITC,FLIP_TO_SHORT,0.0,closed,290.1,2,0.25,132447.1,-16.8,132431.3,20.7805
2026-06-29 13:25:00,TATASTEEL,EXPAND_SHORT,0.0,pending,189.41,2,-1.08,132447.1,-16.8,132431.3,20.7805
2026-06-29 13:25:00,NTPC,EXPAND_SHORT,0.0,pending,352.75,1,6.75,132447.1,-16.8,132431.3,20.7805
2026-06-29 13:25:00,VEDL,FLIP_TO_SHORT,0.0,pending,271.3,6,-13.95,132447.1,-16.8,132431.3,20.7805
2026-06-29 13:25:00,POWERGRID,FLIP_TO_SHORT,0.0,pending,286.1,4,-2.0,132447.1,-16.8,132431.3,20.7805
2026-06-29 13:25:00,GAIL,FLIP_TO_LONG,0.0,pending,173.0,16,-4.86,132447.1,-16.8,132431.3,20.7805
2026-06-29 13:25:00,ONGC,FLIP_TO_LONG,0.0,pending,235.3,4,-5.4,132447.1,-16.8,132431.3,20.7805
2026-06-29 13:25:00,GAIL,BUY,0.2606,pending,173.0,8,-4.86,132447.1,-16.8,132431.3,20.7805
2026-06-29 13:25:00,ITC,SELL,-0.0609,hold,289.8,1,0.3,132447.1,-16.8,132431.3,20.7805
2026-06-29 13:25:00,NTPC,SELL,-0.181,pending,352.75,3,6.75,132447.1,-16.8,132431.3,20.7805
2026-06-29 13:25:00,ONGC,BUY,0.0829,pending,235.3,2,-5.4,132447.1,-16.8,132431.3,20.7805
2026-06-29 13:25:00,POWERGRID,SELL,-0.1802,pending,286.1,2,-2.0,132447.1,-16.8,132431.3,20.7805
2026-06-29 13:25:00,TATASTEEL,SELL,-0.2058,pending,189.41,6,-1.08,132447.1,-16.8,132431.3,20.7805
2026-06-29 13:25:00,VEDL,SELL,-0.118,pending,271.3,3,-13.95,132447.1,-16.8,132431.3,20.7805
2026-06-29 13:25:00,VEDL,FLIP_TO_SHORT,0.0,closed,276.55,6,1.8,134106.4,-15.0,134086.16,22.2897
2026-06-29 13:25:00,POWERGRID,FLIP_TO_SHORT,0.0,closed,287.2,4,0.2,135255.2,-14.8,135234.96,23.3375
2026-06-29 13:25:00,GAIL,FLIP_TO_LONG,0.0,closed,172.11,16,2.26,135255.2,-12.54,135234.96,23.3375
2026-06-29 13:25:00,ONGC,FLIP_TO_LONG,0.0,closed,232.75,4,-0.3,135255.2,-12.84,135234.96,23.3375
2026-06-29 13:40:00,ONGC,EXPAND_LONG,0.0,pending,235.3,2,5.1,135255.2,-12.84,135234.96,23.3375
2026-06-29 13:40:00,NTPC,FLIP_TO_LONG,0.0,pending,352.75,8,9.15,135255.2,-12.84,135234.96,23.3375
2026-06-29 13:40:00,VEDL,FLIP_TO_LONG,0.0,pending,271.3,6,15.75,135255.2,-12.84,135234.96,23.3375
2026-06-29 13:40:00,TATASTEEL,FLIP_TO_LONG,0.0,pending,189.41,16,-0.98,135255.2,-12.84,135234.96,23.3375
2026-06-29 13:40:00,POWERGRID,FLIP_TO_LONG,0.0,pending,286.1,4,2.2,135255.2,-12.84,135234.96,23.3375
2026-06-29 13:40:00,GAIL,BUY,0.0038,hold,173.0,8,7.12,135255.2,-12.84,135234.96,23.3375
2026-06-29 13:40:00,ITC,SELL,-0.0319,hold,289.8,1,0.3,135255.2,-12.84,135234.96,23.3375
2026-06-29 13:40:00,NTPC,BUY,0.1799,pending,352.75,4,9.15,135255.2,-12.84,135234.96,23.3375
2026-06-29 13:40:00,ONGC,BUY,0.3811,pending,235.3,2,5.1,135255.2,-12.84,135234.96,23.3375
2026-06-29 13:40:00,POWERGRID,BUY,0.4324,pending,286.1,2,2.2,135255.2,-12.84,135234.96,23.3375
2026-06-29 13:40:00,TATASTEEL,BUY,0.1924,pending,189.41,8,-0.98,135255.2,-12.84,135234.96,23.3375
2026-06-29 13:40:00,VEDL,BUY,0.1379,pending,271.3,3,15.75,135255.2,-12.84,135234.96,23.3375
2026-06-29 13:40:00,NTPC,FLIP_TO_LONG,0.0,closed,355.9,8,-3.45,135255.2,-16.29,135293.84,23.3912
2026-06-29 13:40:00,VEDL,FLIP_TO_LONG,0.0,closed,278.42,6,-5.61,135255.2,-21.9,135293.84,23.3912
2026-06-29 13:40:00,TATASTEEL,FLIP_TO_LONG,0.0,closed,189.76,16,-3.78,135255.2,-25.68,135293.84,23.3912
2026-06-29 13:40:00,POWERGRID,FLIP_TO_LONG,0.0,closed,287.45,4,-0.5,135255.2,-26.18,135293.84,23.3912
2026-06-29 13:55:00,ITC,FLIP_TO_LONG,0.0,pending,289.8,2,0.3,135255.2,-26.18,135293.84,23.3912
2026-06-29 13:55:00,ONGC,FLIP_TO_SHORT,0.0,pending,235.3,8,10.3,135255.2,-26.18,135293.84,23.3912
2026-06-29 13:55:00,NTPC,EXPAND_LONG,0.0,pending,352.75,1,-12.6,135255.2,-26.18,135293.84,23.3912
2026-06-29 13:55:00,TATASTEEL,EXPAND_LONG,0.0,pending,189.41,2,-2.8,135255.2,-26.18,135293.84,23.3912
2026-06-29 13:55:00,POWERGRID,FLIP_TO_SHORT,0.0,pending,286.1,4,-2.7,135255.2,-26.18,135293.84,23.3912
2026-06-29 13:55:00,GAIL,BUY,0.0711,hold,173.0,8,7.12,135255.2,-26.18,135293.84,23.3912
2026-06-29 13:55:00,ITC,BUY,0.0677,pending,289.8,1,0.3,135255.2,-26.18,135293.84,23.3912
2026-06-29 13:55:00,NTPC,BUY,0.3037,pending,352.75,4,-12.6,135255.2,-26.18,135293.84,23.3912
2026-06-29 13:55:00,ONGC,SELL,-0.2698,pending,235.3,4,10.3,135255.2,-26.18,135293.84,23.3912
2026-06-29 13:55:00,POWERGRID,SELL,-0.0773,pending,286.1,2,-2.7,135255.2,-26.18,135293.84,23.3912
2026-06-29 13:55:00,TATASTEEL,BUY,0.4517,pending,189.41,8,-2.8,135255.2,-26.18,135293.84,23.3912
2026-06-29 13:55:00,VEDL,BUY,0.0634,hold,271.3,3,-21.36,135255.2,-26.18,135293.84,23.3912
2026-06-29 13:55:00,ITC,FLIP_TO_LONG,0.0,closed,290.1,2,0.0,135255.2,-26.18,135233.46,23.3361
2026-06-29 13:55:00,ONGC,FLIP_TO_SHORT,0.0,closed,231.6,8,-4.5,137108.0,-30.68,137086.26,25.0259
2026-06-29 13:55:00,POWERGRID,FLIP_TO_SHORT,0.0,closed,286.7,4,-1.5,138254.8,-32.18,138233.06,26.0718
2026-06-29 14:10:00,TATASTEEL,FLIP_TO_SHORT,0.0,pending,189.41,20,-2.74,138254.8,-32.18,138233.06,26.0718
2026-06-29 14:10:00,GAIL,FLIP_TO_SHORT,0.0,pending,173.0,16,7.12,138254.8,-32.18,138233.06,26.0718
2026-06-29 14:10:00,NTPC,FLIP_TO_SHORT,0.0,pending,352.75,10,-16.15,138254.8,-32.18,138233.06,26.0718
2026-06-29 14:10:00,ONGC,EXPAND_SHORT,0.0,pending,235.3,2,-14.8,138254.8,-32.18,138233.06,26.0718
2026-06-29 14:10:00,POWERGRID,EXPAND_SHORT,0.0,pending,286.1,1,1.2,138254.8,-32.18,138233.06,26.0718
2026-06-29 14:10:00,GAIL,SELL,-0.4466,pending,173.0,8,7.12,138254.8,-32.18,138233.06,26.0718
2026-06-29 14:10:00,ITC,BUY,0.0882,hold,289.8,1,-0.3,138254.8,-32.18,138233.06,26.0718
2026-06-29 14:10:00,NTPC,SELL,-0.3143,pending,352.75,5,-16.15,138254.8,-32.18,138233.06,26.0718
2026-06-29 14:10:00,ONGC,SELL,-0.3348,pending,235.3,4,-14.8,138254.8,-32.18,138233.06,26.0718
2026-06-29 14:10:00,POWERGRID,SELL,-0.3599,pending,286.1,2,1.2,138254.8,-32.18,138233.06,26.0718
2026-06-29 14:10:00,TATASTEEL,SELL,-0.7153,pending,189.41,10,-2.74,138254.8,-32.18,138233.06,26.0718
2026-06-29 14:10:00,VEDL,SELL,-0.0248,hold,271.3,3,-21.36,138254.8,-32.18,138233.06,26.0718
2026-06-29 14:10:00,TATASTEEL,FLIP_TO_SHORT,0.0,closed,189.3,20,-3.84,142040.8,-36.02,141993.77,29.5016
2026-06-29 14:10:00,GAIL,FLIP_TO_SHORT,0.0,closed,172.29,16,1.44,144797.44,-34.58,144750.41,32.0158
2026-06-29 14:10:00,NTPC,FLIP_TO_SHORT,0.0,closed,356.15,10,0.85,148358.94,-33.73,148311.91,35.2639
2026-06-29 14:25:00,ITC,FLIP_TO_SHORT,0.0,pending,289.8,2,-0.3,148358.94,-33.73,148311.91,35.2639
2026-06-29 14:25:00,ONGC,FLIP_TO_LONG,0.0,pending,235.3,12,-23.2,148358.94,-33.73,148311.91,35.2639
2026-06-29 14:25:00,POWERGRID,FLIP_TO_LONG,0.0,pending,286.1,6,1.75,148358.94,-33.73,148311.91,35.2639
2026-06-29 14:25:00,GAIL,SELL,-0.0348,hold,173.0,8,-5.68,148358.94,-33.73,148311.91,35.2639
2026-06-29 14:25:00,ITC,SELL,-0.0658,pending,289.8,1,-0.3,148358.94,-33.73,148311.91,35.2639
2026-06-29 14:25:00,NTPC,SELL,-0.1131,hold,352.75,5,17.0,148358.94,-33.73,148311.91,35.2639
2026-06-29 14:25:00,ONGC,BUY,0.2576,pending,235.3,6,-23.2,148358.94,-33.73,148311.91,35.2639
2026-06-29 14:25:00,POWERGRID,BUY,0.0752,pending,286.1,3,1.75,148358.94,-33.73,148311.91,35.2639
2026-06-29 14:25:00,TATASTEEL,BUY,0.03,hold,189.41,10,-1.1,148358.94,-33.73,148311.91,35.2639
2026-06-29 14:25:00,VEDL,SELL,-0.0371,hold,271.3,3,-21.36,148358.94,-33.73,148311.91,35.2639
2026-06-29 14:25:00,ITC,FLIP_TO_SHORT,0.0,closed,290.0,2,-0.1,148938.94,-33.83,148906.05,35.8058
2026-06-29 14:25:00,ONGC,FLIP_TO_LONG,0.0,closed,230.95,12,2.9,148938.94,-30.93,148906.05,35.8058
2026-06-29 14:25:00,POWERGRID,FLIP_TO_LONG,0.0,closed,286.2,6,1.45,148938.94,-29.48,148906.05,35.8058
2026-06-29 14:25:00,NTPC,MARKET_CLOSE_EXIT,0.0,closed,355.95,5,1.0,148938.94,-28.48,148906.05,35.8058
2026-06-29 14:25:00,ONGC,MARKET_CLOSE_EXIT,0.0,closed,231.1,6,0.9,150325.54,-27.58,150292.65,37.0704
2026-06-29 14:25:00,GAIL,MARKET_CLOSE_EXIT,0.0,closed,172.11,8,1.44,150325.54,-26.14,150292.65,37.0704
2026-06-29 14:25:00,ITC,MARKET_CLOSE_EXIT,0.0,closed,290.0,1,0.0,150325.54,-26.14,150292.65,37.0704
2026-06-29 14:25:00,POWERGRID,MARKET_CLOSE_EXIT,0.0,closed,286.6,3,1.2,151185.34,-24.94,151152.45,37.8546
2026-06-29 14:25:00,VEDL,MARKET_CLOSE_EXIT,0.0,closed,279.35,3,2.79,152023.39,-22.15,151990.5,38.6189
2026-06-29 14:25:00,TATASTEEL,MARKET_CLOSE_EXIT,0.0,closed,189.25,10,0.5,152023.39,-21.65,151990.5,38.6189
2026-06-30 09:30:00,TATASTEEL,OPEN_LONG,0.0,pending,189.85,2,0.0,108916.78,0.0,108916.78,0.0
2026-06-30 09:30:00,TATASTEEL,BUY,0.0659,pending,189.85,0,0.0,108916.78,0.0,108916.78,0.0
2026-06-30 09:45:00,TATASTEEL,BUY,0.0659,hold,189.85,2,3.58,108916.78,0.0,108916.78,0.0
2026-06-30 09:45:00,TATASTEEL,MARKET_CLOSE_EXIT,0.0,closed,187.7,2,-0.72,109292.18,-0.72,109295.76,0.348
2026-06-30 11:05:00,TATASTEEL,OPEN_LONG,0.0,pending,189.85,2,0.0,108915.12,0.0,108915.12,-0.0
2026-06-30 11:05:00,TATASTEEL,BUY,0.1919,pending,189.85,0,0.0,108915.12,0.0,108915.12,-0.0
2026-06-30 11:20:00,TATASTEEL,BUY,0.0909,hold,189.85,2,4.64,108915.12,0.0,108915.12,-0.0
2026-06-30 11:35:00,TATASTEEL,FLIP_TO_SHORT,0.0,pending,189.85,4,4.64,108915.12,0.0,108919.76,0.0043
2026-06-30 11:35:00,TATASTEEL,SELL,-0.0639,pending,189.85,2,4.64,108915.12,0.0,108919.76,0.0043
2026-06-30 11:35:00,TATASTEEL,FLIP_TO_SHORT,0.0,closed,188.2,4,1.34,109667.92,1.34,109672.56,0.6954
2026-06-30 11:50:00,TATASTEEL,EXPAND_SHORT,0.0,pending,189.85,2,-3.3,109667.92,1.34,109672.56,0.6954
2026-06-30 11:50:00,TATASTEEL,SELL,-0.3052,pending,189.85,2,-3.3,109667.92,1.34,109672.56,0.6954
2026-06-30 12:05:00,TATASTEEL,FLIP_TO_LONG,0.0,pending,189.85,8,-6.74,109667.92,1.34,109664.62,0.6881
2026-06-30 12:05:00,TATASTEEL,BUY,0.1676,pending,189.85,4,-6.74,109667.92,1.34,109664.62,0.6881
2026-06-30 12:05:00,TATASTEEL,FLIP_TO_LONG,0.0,closed,188.42,8,-1.02,109667.92,0.32,109661.18,0.685
2026-06-30 12:20:00,TATASTEEL,BUY,0.1489,hold,189.85,4,5.72,109667.92,0.32,109661.18,0.685
2026-06-30 12:20:00,TATASTEEL,MARKET_CLOSE_EXIT,0.0,closed,188.63,4,0.84,110422.44,1.16,110428.16,1.3892
2026-06-30 13:25:00,TATASTEEL,OPEN_SHORT,0.0,pending,189.85,2,0.0,108911.13,0.48,108911.13,-0.0
2026-06-30 13:25:00,TATASTEEL,SELL,-0.1403,pending,189.85,0,0.0,108911.13,0.48,108911.13,-0.0
2026-06-30 13:40:00,TATASTEEL,FLIP_TO_LONG,0.0,pending,189.85,4,-1.42,108911.13,0.48,108911.13,-0.0
2026-06-30 13:40:00,TATASTEEL,BUY,0.1367,pending,189.85,2,-1.42,108911.13,0.48,108911.13,-0.0
2026-06-30 13:40:00,TATASTEEL,FLIP_TO_LONG,0.0,closed,189.01,4,0.26,108911.13,0.74,108909.71,-0.0013
2026-06-30 13:40:00,TATASTEEL,MARKET_CLOSE_EXIT,0.0,closed,188.81,2,-0.4,109288.75,0.34,109287.33,0.3454
2026-06-30 14:25:00,TATASTEEL,OPEN_LONG,0.0,pending,189.03,2,0.0,108909.24,0.32,108909.24,-0.0
2026-06-30 14:25:00,TATASTEEL,BUY,0.3177,pending,189.03,0,0.0,108909.24,0.32,108909.24,-0.0
2026-06-30 14:40:00,TATASTEEL,SELL,-0.0452,hold,188.64,2,-0.52,108909.24,0.32,108909.24,-0.0
2026-06-30 14:40:00,TATASTEEL,MARKET_CLOSE_EXIT,0.0,closed,188.58,2,-0.64,109286.4,-0.32,109285.88,0.3458
2026-08-11 14:20:00,ITC,OPEN_SHORT,0.0,pending,280.15,1,0.0,109000.0,0.0,109000.0,0.0
2026-08-11 14:20:00,ITC,SELL,-0.2775,pending,280.15,0,0.0,109000.0,0.0,109000.0,0.0
2026-08-11 14:25:00,ITC,EXPAND_SHORT,0.0,pending,279.75,1,0.25,109000.0,0.0,109000.0,0.0
2026-08-11 14:25:00,ITC,SELL,-0.1669,pending,279.75,1,0.25,109000.0,0.0,109000.0,0.0
2026-08-11 14:25:00,ITC,MARKET_CLOSE_EXIT,0.0,closed,279.75,2,0.2,109000.0,0.2,109000.25,0.0002
2026-08-12 09:35:00,COALINDIA,OPEN_SHORT,0.0,filled,412.6,1,0.0,108911.66,0.0,108911.66,0.0
2026-08-12 09:35:00,ADANIPOWER,SELL,-0.0474,wait,208.1,0,0.0,108911.66,0.0,108911.66,0.0
2026-08-12 09:35:00,COALINDIA,SELL,-0.0895,pending,412.6,1,0.0,108911.66,0.0,108911.66,0.0
2026-08-12 09:40:00,ADANIPOWER,OPEN_LONG,0.0,filled,207.87,2,0.0,108911.66,0.0,108911.66,0.0
2026-08-12 09:40:00,ADANIPOWER,BUY,0.184,pending,207.87,2,0.0,108911.66,0.0,108911.66,0.0
2026-08-12 09:40:00,COALINDIA,BUY,0.0973,pending,412.7,1,0.02,108911.66,0.0,108911.66,0.0
2026-08-12 10:10:00,ADANIPOWER,OPEN_SHORT,0.0,filled,206.61,2,0.0,108911.66,0.0,108911.66,0.0
2026-08-12 10:10:00,COALINDIA,OPEN_SHORT,0.0,filled,412.5,1,0.0,108911.66,0.0,108911.66,0.0
2026-08-12 10:10:00,ADANIPOWER,SELL,-0.2851,pending,206.61,2,0.0,108911.66,0.0,108911.66,0.0
2026-08-12 10:10:00,COALINDIA,SELL,-0.1789,pending,412.5,1,0.0,108911.66,0.0,108911.66,0.0
2026-08-12 10:15:00,ADANIPOWER,SELL,-0.1585,pending,207.0,4,-0.84,108911.66,0.0,108911.66,0.0
2026-08-12 10:15:00,COALINDIA,SELL,-0.0335,hold,412.05,1,0.45,108911.66,0.0,108911.66,0.0
2026-08-12 10:15:00,ADANIPOWER,OPEN_SHORT,0.0,pending,207.0,2,0.0,108911.66,0.0,108911.66,0.0
2026-08-12 10:15:00,ADANIPOWER,SELL,-0.1585,pending,207.0,0,0.0,108911.66,0.0,108911.66,0.0
2026-08-12 10:15:00,COALINDIA,SELL,-0.0335,wait,412.05,0,0.0,108911.66,0.0,108911.66,0.0
2026-08-12 10:15:00,ADANIPOWER,MARKET_CLOSE_EXIT,0.0,closed,206.99,2,-0.38,108911.66,-0.38,108911.66,0.0
2026-08-12 10:30:00,ADANIPOWER,OPEN_LONG,0.0,filled,206.85,2,0.0,108910.25,0.0,108910.25,0.0
2026-08-12 10:30:00,COALINDIA,OPEN_LONG,0.0,filled,411.9,1,0.0,108910.25,0.0,108910.25,0.0
2026-08-12 10:30:00,ADANIPOWER,BUY,0.1232,pending,206.85,2,0.0,108910.25,0.0,108910.25,0.0
2026-08-12 10:30:00,COALINDIA,BUY,0.1244,pending,411.9,1,0.0,108910.25,0.0,108910.25,0.0
2026-08-12 10:35:00,ADANIPOWER,BUY,0.1649,pending,206.97,4,0.36,108910.25,0.0,108910.25,0.0
2026-08-12 10:35:00,COALINDIA,BUY,0.0138,hold,412.2,1,0.3,108910.25,0.0,108910.25,0.0
2026-08-12 10:35:00,ADANIPOWER,OPEN_LONG,0.0,pending,206.92,294,0.0,108910.25,-0.38,108910.25,0.0
2026-08-12 10:35:00,ADANIPOWER,BUY,0.1649,pending,206.92,0,0.0,108910.25,-0.38,108910.25,0.0
2026-08-12 10:35:00,COALINDIA,BUY,0.0138,wait,412.2,0,0.0,108910.25,-0.38,108910.25,0.0
2026-08-12 10:35:00,ADANIPOWER,MARKET_CLOSE_EXIT,0.0,closed,207.18,294,52.92,169821.17,52.54,169821.17,55.9276
2026-08-12 10:45:00,COALINDIA,OPEN_SHORT,0.0,filled,412.0,81,0.0,108758.41,0.0,108758.41,-0.0
2026-08-12 10:45:00,ADANIENT,OPEN_SHORT,0.0,filled,2968.5,9,0.0,108758.41,0.0,108758.41,-0.0
2026-08-12 10:45:00,AXISBANK,OPEN_SHORT,0.0,filled,1230.3,35,0.0,108758.41,0.0,108758.41,-0.0
2026-08-12 10:45:00,EICHERMOT,OPEN_SHORT,0.0,filled,7986.0,3,0.0,108758.41,0.0,108758.41,-0.0
2026-08-12 10:45:00,BAJFINANCE,OPEN_LONG,0.0,filled,1088.2,36,0.0,108758.41,0.0,108758.41,-0.0
2026-08-12 10:45:00,ADANIENT,SELL,-0.0697,pending,2968.5,9,0.0,108758.41,0.0,108758.41,-0.0
2026-08-12 10:45:00,AXISBANK,SELL,-0.1498,pending,1230.3,35,0.0,108758.41,0.0,108758.41,-0.0
2026-08-12 10:45:00,BAJFINANCE,BUY,0.0835,pending,1088.2,36,0.0,108758.41,0.0,108758.41,-0.0
2026-08-12 10:45:00,COALINDIA,SELL,-0.0737,pending,412.0,81,0.0,108758.41,0.0,108758.41,-0.0
2026-08-12 10:45:00,EICHERMOT,SELL,-0.5006,pending,7986.0,3,0.0,108758.41,0.0,108758.41,-0.0
2026-08-12 12:00:00,ADANIENT,SELL,-0.1096,hold,2946.0,9,202.5,108758.41,0.0,108758.41,-0.0
2026-08-12 12:00:00,AXISBANK,SELL,-0.0547,hold,1222.6,35,269.5,108758.41,0.0,108758.41,-0.0
2026-08-12 12:00:00,BAJFINANCE,BUY,0.0412,hold,1082.2,36,-216.0,108758.41,0.0,108758.41,-0.0
2026-08-12 12:00:00,COALINDIA,BUY,0.0657,pending,409.1,81,2.03,108758.41,0.0,108758.41,-0.0
2026-08-12 12:00:00,EICHERMOT,SELL,-0.3809,pending,8001.0,6,-32.25,108758.41,0.0,108758.41,-0.0
2026-08-12 13:40:00,ADANIENT,OPEN_LONG,0.0,filled,2955.5,9,0.0,108758.41,0.0,108758.41,-0.0
2026-08-12 13:40:00,BAJFINANCE,OPEN_LONG,0.0,filled,1085.1,36,0.0,108758.41,0.0,108758.41,-0.0
2026-08-12 13:40:00,EICHERMOT,OPEN_SHORT,0.0,filled,7975.5,3,0.0,108758.41,0.0,108758.41,-0.0
2026-08-12 13:40:00,COALINDIA,OPEN_LONG,0.0,filled,409.35,82,0.0,108758.41,0.0,108758.41,-0.0
2026-08-12 13:40:00,ADANIENT,BUY,0.3433,pending,2955.5,9,0.0,108758.41,0.0,108758.41,-0.0
2026-08-12 13:40:00,AXISBANK,BUY,0.045,wait,1219.6,0,0.0,108758.41,0.0,108758.41,-0.0
2026-08-12 13:40:00,BAJFINANCE,BUY,0.1688,pending,1085.1,36,0.0,108758.41,0.0,108758.41,-0.0
2026-08-12 13:40:00,COALINDIA,BUY,0.1533,pending,409.35,82,0.0,108758.41,0.0,108758.41,-0.0
2026-08-12 13:40:00,EICHERMOT,SELL,-0.1296,pending,7975.5,3,0.0,108758.41,0.0,108758.41,-0.0
2026-08-12 13:45:00,ADANIENT,SELL,-0.1313,pending,2954.3,9,-8.55,108758.41,0.0,108758.41,-0.0
2026-08-12 13:45:00,AXISBANK,BUY,0.0492,wait,1219.3,0,0.0,108758.41,0.0,108758.41,-0.0
2026-08-12 13:45:00,BAJFINANCE,BUY,0.2386,pending,1085.1,72,1.8,108758.41,0.0,108758.41,-0.0
2026-08-12 13:45:00,COALINDIA,SELL,-0.1881,pending,409.4,82,-6.15,108758.41,0.0,108758.41,-0.0
2026-08-12 13:45:00,EICHERMOT,SELL,-0.073,hold,7975.5,3,0.0,108758.41,0.0,108758.41,-0.0
2026-08-12 13:50:00,COALINDIA,OPEN_LONG,0.0,filled,409.4,8,0.0,108758.41,0.0,108758.41,-0.0
2026-08-12 13:50:00,AXISBANK,OPEN_SHORT,0.0,filled,1218.2,3,0.0,108758.41,0.0,108758.41,-0.0
2026-08-12 13:50:00,ADANIENT,BUY,0.6477,wait,2954.4,0,0.0,108758.41,0.0,108758.41,-0.0
2026-08-12 13:50:00,AXISBANK,SELL,-0.1442,pending,1218.2,3,0.0,108758.41,0.0,108758.41,-0.0
2026-08-12 13:50:00,BAJFINANCE,SELL,-0.0213,wait,1085.7,0,0.0,108758.41,0.0,108758.41,-0.0
2026-08-12 13:50:00,COALINDIA,BUY,0.1096,pending,409.4,8,0.0,108758.41,0.0,108758.41,-0.0
2026-08-12 13:50:00,EICHERMOT,SELL,-0.4615,wait,7993.5,0,0.0,108758.41,0.0,108758.41,-0.0
2026-08-12 13:55:00,BAJFINANCE,OPEN_SHORT,0.0,filled,1085.3,3,0.0,108758.41,0.0,108758.41,-0.0
2026-08-12 13:55:00,ADANIENT,SELL,-0.4569,wait,2953.8,0,0.0,108758.41,0.0,108758.41,-0.0
2026-08-12 13:55:00,AXISBANK,BUY,0.0159,hold,1218.4,3,-0.6,108758.41,0.0,108758.41,-0.0
2026-08-12 13:55:00,BAJFINANCE,SELL,-0.2073,pending,1085.3,3,0.0,108758.41,0.0,108758.41,-0.0
2026-08-12 13:55:00,COALINDIA,SELL,-0.0738,pending,409.35,8,0.2,108758.41,0.0,108758.41,-0.0
2026-08-12 13:55:00,EICHERMOT,BUY,0.4207,wait,7997.0,0,0.0,108758.41,0.0,108758.41,-0.0
2026-08-12 13:55:00,BAJFINANCE,OPEN_SHORT,0.0,pending,1085.3,84,0.0,108758.41,53.28,108758.41,-0.0
2026-08-12 13:55:00,BAJFINANCE,SELL,-0.2073,pending,1085.3,0,0.0,108758.41,53.28,108758.41,-0.0
2026-08-12 14:00:00,BAJFINANCE,EXPAND_SHORT,0.0,pending,1085.0,84,0.0,108758.41,53.28,108758.41,-0.0
2026-08-12 14:00:00,BAJFINANCE,SELL,-0.2513,pending,1085.0,84,0.0,108758.41,53.28,108758.41,-0.0
2026-08-12 14:00:00,BAJFINANCE,MARKET_CLOSE_EXIT,0.0,closed,1085.1,168,-16.8,108758.41,36.48,108758.41,-0.0
2026-08-12 14:30:00,COALINDIA,OPEN_SHORT,0.0,filled,409.0,8,0.0,108302.69,0.0,108302.69,-0.0
2026-08-12 14:30:00,ADANIENT,SELL,-0.5425,wait,2965.9,0,0.0,108302.69,0.0,108302.69,-0.0
2026-08-12 14:30:00,AXISBANK,SELL,-0.0398,wait,1217.8,0,0.0,108302.69,0.0,108302.69,-0.0
2026-08-12 14:30:00,BAJFINANCE,SELL,-0.0009,wait,1086.8,0,0.0,108302.69,0.0,108302.69,-0.0
2026-08-12 14:30:00,COALINDIA,SELL,-0.0704,pending,409.0,8,0.0,108302.69,0.0,108302.69,-0.0
2026-08-12 14:30:00,EICHERMOT,BUY,0.0973,wait,8016.5,0,0.0,108302.69,0.0,108302.69,-0.0
2026-08-12 14:35:00,BAJFINANCE,OPEN_SHORT,0.0,filled,1088.4,3,0.0,108302.69,0.0,108302.69,-0.0
2026-08-12 14:35:00,AXISBANK,OPEN_SHORT,0.0,filled,1220.1,3,0.0,108302.69,0.0,108302.69,-0.0
2026-08-12 14:35:00,ADANIENT,BUY,0.1531,wait,2976.2,0,0.0,108302.69,0.0,108302.69,-0.0
2026-08-12 14:35:00,AXISBANK,SELL,-0.1647,pending,1220.1,3,0.0,108302.69,0.0,108302.69,-0.0
2026-08-12 14:35:00,BAJFINANCE,SELL,-0.352,pending,1088.4,3,0.0,108302.69,0.0,108302.69,-0.0
2026-08-12 14:35:00,COALINDIA,BUY,0.0988,pending,409.25,8,1.8,108302.69,0.0,108302.69,-0.0
2026-08-12 14:35:00,EICHERMOT,SELL,-0.1368,wait,8020.0,0,0.0,108302.69,0.0,108302.69,-0.0
2026-08-12 14:40:00,AXISBANK,OPEN_LONG,0.0,pending,1219.3,40,0.0,108302.69,36.48,108302.69,-0.0
2026-08-12 14:40:00,BAJFINANCE,OPEN_SHORT,0.0,pending,1087.8,38,0.0,108302.69,36.48,108302.69,-0.0
2026-08-12 14:40:00,AXISBANK,BUY,0.1748,pending,1219.3,0,0.0,108302.69,36.48,108302.69,-0.0
2026-08-12 14:40:00,BAJFINANCE,SELL,-0.3652,pending,1087.8,0,0.0,108302.69,36.48,108302.69,-0.0
2026-08-12 14:45:00,AXISBANK,BUY,0.1425,hold,1219.1,40,-24.0,108302.69,36.48,108302.69,-0.0
2026-08-12 14:45:00,BAJFINANCE,SELL,-0.1401,hold,1088.0,38,-11.4,108302.69,36.48,108302.69,-0.0
2026-08-12 14:50:00,AXISBANK,EXPAND_LONG,0.0,pending,1220.1,40,16.0,108302.69,36.48,108267.29,-0.0327
2026-08-12 14:50:00,BAJFINANCE,FLIP_TO_LONG,0.0,pending,1087.8,76,-3.8,108302.69,36.48,108267.29,-0.0327
2026-08-12 14:50:00,AXISBANK,BUY,0.2273,pending,1220.1,40,16.0,108302.69,36.48,108267.29,-0.0327
2026-08-12 14:50:00,BAJFINANCE,BUY,0.5712,pending,1087.8,38,-3.8,108302.69,36.48,108267.29,-0.0327
2026-08-12 14:50:00,BAJFINANCE,FLIP_TO_LONG,0.0,closed,1088.0,76,-11.4,108302.69,25.08,108314.89,0.0113
2026-08-12 14:55:00,BAJFINANCE,EXPAND_LONG,0.0,pending,1089.5,38,57.0,108302.69,25.08,108314.89,0.0113
2026-08-12 14:55:00,AXISBANK,BUY,0.1169,hold,1222.5,80,164.0,108302.69,25.08,108314.89,0.0113
2026-08-12 14:55:00,BAJFINANCE,BUY,0.7229,pending,1089.5,38,57.0,108302.69,25.08,108314.89,0.0113
2026-08-12 14:55:00,BAJFINANCE,MARKET_CLOSE_EXIT,0.0,closed,1088.2,76,3.8,191005.89,28.88,191226.89,76.5671
2026-08-12 14:55:00,AXISBANK,MARKET_CLOSE_EXIT,0.0,closed,1222.15,80,136.0,288777.89,164.88,288998.89,166.8437
2026-08-13 10:30:00,ADANIENT,OPEN_SHORT,0.0,filled,2934.4,14,0.0,108616.39,0.0,108616.39,0.0
2026-08-13 10:30:00,BAJFINANCE,OPEN_SHORT,0.0,filled,1085.0,25,0.0,108616.39,0.0,108616.39,0.0
2026-08-13 10:30:00,COALINDIA,OPEN_SHORT,0.0,filled,408.1,68,0.0,108616.39,0.0,108616.39,0.0
2026-08-13 10:30:00,DIVISLAB,OPEN_SHORT,0.0,filled,8428.5,2,0.0,108616.39,0.0,108616.39,0.0
2026-08-13 10:30:00,AXISBANK,OPEN_SHORT,0.0,filled,1217.1,27,0.0,108616.39,0.0,108616.39,0.0
2026-08-13 10:30:00,ADANIPOWER,OPEN_LONG,0.0,filled,204.31,191,0.0,108616.39,0.0,108616.39,0.0
2026-08-13 10:30:00,EICHERMOT,OPEN_LONG,0.0,filled,8026.5,2,0.0,108616.39,0.0,108616.39,0.0
2026-08-13 10:30:00,ADANIENT,SELL,-0.7137,pending,2934.4,14,0.0,108616.39,0.0,108616.39,0.0
2026-08-13 10:30:00,ADANIPOWER,BUY,0.0622,pending,204.31,191,0.0,108616.39,0.0,108616.39,0.0
2026-08-13 10:30:00,AXISBANK,SELL,-0.3969,pending,1217.1,27,0.0,108616.39,0.0,108616.39,0.0
2026-08-13 10:30:00,BAJFINANCE,SELL,-0.2794,pending,1085.0,25,0.0,108616.39,0.0,108616.39,0.0
2026-08-13 10:30:00,COALINDIA,SELL,-0.0893,pending,408.1,68,0.0,108616.39,0.0,108616.39,0.0
2026-08-13 10:30:00,DIVISLAB,SELL,-0.1282,pending,8428.5,2,0.0,108616.39,0.0,108616.39,0.0
2026-08-13 10:30:00,EICHERMOT,BUY,0.0535,pending,8026.5,2,0.0,108616.39,0.0,108616.39,0.0
2026-08-13 10:30:00,HINDALCO,SELL,-0.0083,wait,1051.2,0,0.0,108616.39,0.0,108616.39,0.0
2026-08-13 11:45:00,HINDALCO,OPEN_SHORT,0.0,filled,1051.55,17,0.0,108616.39,0.0,108616.39,0.0
2026-08-13 11:45:00,ADANIENT,BUY,0.2748,pending,2944.1,14,9.8,108616.39,0.0,108616.39,0.0
2026-08-13 11:45:00,ADANIPOWER,BUY,0.3274,pending,205.13,382,176.68,108616.39,0.0,108616.39,0.0
2026-08-13 11:45:00,AXISBANK,BUY,0.0925,pending,1219.0,27,-25.65,108616.39,0.0,108616.39,0.0
2026-08-13 11:45:00,BAJFINANCE,BUY,0.229,pending,1085.7,25,-11.25,108616.39,0.0,108616.39,0.0
2026-08-13 11:45:00,COALINDIA,BUY,0.0807,pending,406.8,68,1.7,108616.39,0.0,108616.39,0.0
2026-08-13 11:45:00,DIVISLAB,SELL,-0.3703,pending,8433.5,4,-9.5,108616.39,0.0,108616.39,0.0
2026-08-13 11:45:00,EICHERMOT,BUY,0.0139,hold,8036.5,2,20.0,108616.39,0.0,108616.39,0.0
2026-08-13 11:45:00,HINDALCO,SELL,-0.0637,pending,1051.55,17,0.0,108616.39,0.0,108616.39,0.0
2026-08-13 13:30:00,BAJFINANCE,OPEN_SHORT,0.0,filled,1087.1,36,0.0,108616.39,0.0,108616.39,0.0
2026-08-13 13:30:00,EICHERMOT,OPEN_SHORT,0.0,filled,8075.5,3,0.0,108616.39,0.0,108616.39,0.0
2026-08-13 13:30:00,COALINDIA,OPEN_LONG,0.0,filled,407.85,82,0.0,108616.39,0.0,108616.39,0.0
2026-08-13 13:30:00,ADANIENT,SELL,-0.0174,wait,2958.0,0,0.0,108616.39,0.0,108616.39,0.0
2026-08-13 13:30:00,AXISBANK,BUY,0.0373,wait,1219.3,0,0.0,108616.39,0.0,108616.39,0.0
2026-08-13 13:30:00,BAJFINANCE,SELL,-0.2927,pending,1087.1,36,0.0,108616.39,0.0,108616.39,0.0
2026-08-13 13:30:00,COALINDIA,BUY,0.2793,pending,407.85,82,0.0,108616.39,0.0,108616.39,0.0
2026-08-13 13:30:00,EICHERMOT,SELL,-0.0866,pending,8075.5,3,0.0,108616.39,0.0,108616.39,0.0
2026-08-13 13:40:00,ADANIPOWER,OPEN_SHORT,0.0,filled,205.03,216,0.0,108616.39,0.0,108616.39,0.0
2026-08-13 13:40:00,EICHERMOT,OPEN_SHORT,0.0,filled,8071.0,1,0.0,108616.39,0.0,108616.39,0.0
2026-08-13 13:40:00,COALINDIA,OPEN_LONG,0.0,filled,408.05,59,0.0,108616.39,0.0,108616.39,0.0
2026-08-13 13:40:00,BAJFINANCE,OPEN_LONG,0.0,filled,1088.8,22,0.0,108616.39,0.0,108616.39,0.0
2026-08-13 13:40:00,ADANIENT,OPEN_LONG,0.0,filled,2958.5,17,0.0,108616.39,0.0,108616.39,0.0
2026-08-13 13:40:00,HINDALCO,OPEN_LONG,0.0,filled,1047.65,11,0.0,108616.39,0.0,108616.39,0.0
2026-08-13 13:40:00,ADANIENT,BUY,0.3433,pending,2958.5,17,0.0,108616.39,0.0,108616.39,0.0
2026-08-13 13:40:00,ADANIPOWER,SELL,-0.0655,pending,205.03,216,0.0,108616.39,0.0,108616.39,0.0
2026-08-13 13:40:00,AXISBANK,BUY,0.045,wait,1218.8,0,0.0,108616.39,0.0,108616.39,0.0
2026-08-13 13:40:00,BAJFINANCE,BUY,0.1688,pending,1088.8,22,0.0,108616.39,0.0,108616.39,0.0
2026-08-13 13:40:00,COALINDIA,BUY,0.1533,pending,408.05,59,0.0,108616.39,0.0,108616.39,0.0
2026-08-13 13:40:00,EICHERMOT,SELL,-0.1296,pending,8071.0,1,0.0,108616.39,0.0,108616.39,0.0
2026-08-13 13:40:00,HINDALCO,BUY,0.2073,pending,1047.65,11,0.0,108616.39,0.0,108616.39,0.0
2026-08-13 13:45:00,ADANIENT,SELL,-0.1313,pending,2958.3,17,-8.5,108616.39,0.0,108616.39,0.0
2026-08-13 13:45:00,ADANIPOWER,SELL,-0.2926,pending,205.03,432,-37.8,108616.39,0.0,108616.39,0.0
2026-08-13 13:45:00,AXISBANK,BUY,0.0492,wait,1219.8,0,0.0,108616.39,0.0,108616.39,0.0
2026-08-13 13:45:00,BAJFINANCE,BUY,0.2386,pending,1090.0,44,37.4,108616.39,0.0,108616.39,0.0
2026-08-13 13:45:00,COALINDIA,SELL,-0.1881,pending,408.1,59,-4.43,108616.39,0.0,108616.39,0.0
2026-08-13 13:45:00,EICHERMOT,SELL,-0.073,hold,8069.5,1,1.5,108616.39,0.0,108616.39,0.0
2026-08-13 13:45:00,HINDALCO,BUY,0.1259,hold,1046.85,11,-8.8,108616.39,0.0,108616.39,0.0
2026-08-13 14:40:00,BAJFINANCE,OPEN_SHORT,0.0,filled,1089.0,2,0.0,108616.39,0.0,108616.39,0.0
2026-08-13 14:40:00,ADANIENT,OPEN_LONG,0.0,filled,2960.4,1,0.0,108616.39,0.0,108616.39,0.0
2026-08-13 14:40:00,ADANIPOWER,OPEN_LONG,0.0,filled,205.89,21,0.0,108616.39,0.0,108616.39,0.0
2026-08-13 14:40:00,AXISBANK,OPEN_LONG,0.0,filled,1218.0,2,0.0,108616.39,0.0,108616.39,0.0
2026-08-13 14:40:00,HINDALCO,OPEN_LONG,0.0,filled,1046.15,1,0.0,108616.39,0.0,108616.39,0.0
2026-08-13 14:40:00,ADANIENT,BUY,0.3204,pending,2960.4,1,0.0,108616.39,0.0,108616.39,0.0
2026-08-13 14:40:00,ADANIPOWER,BUY,0.5431,pending,205.89,21,0.0,108616.39,0.0,108616.39,0.0
2026-08-13 14:40:00,AXISBANK,BUY,0.1748,pending,1218.0,2,0.0,108616.39,0.0,108616.39,0.0
2026-08-13 14:40:00,BAJFINANCE,SELL,-0.3652,pending,1089.0,2,0.0,108616.39,0.0,108616.39,0.0
2026-08-13 14:40:00,COALINDIA,BUY,0.0206,wait,408.2,0,0.0,108616.39,0.0,108616.39,0.0
2026-08-13 14:40:00,EICHERMOT,BUY,0.3743,wait,8074.0,0,0.0,108616.39,0.0,108616.39,0.0
2026-08-13 14:40:00,HINDALCO,BUY,0.193,pending,1046.15,1,0.0,108616.39,0.0,108616.39,0.0
2026-08-13 14:45:00,COALINDIA,OPEN_LONG,0.0,filled,408.15,5,0.0,108616.39,0.0,108616.39,0.0
2026-08-13 14:45:00,ADANIENT,BUY,0.1051,hold,2960.1,1,-0.3,108616.39,0.0,108616.39,0.0
2026-08-13 14:45:00,ADANIPOWER,BUY,0.6179,pending,205.94,42,1.47,108616.39,0.0,108616.39,0.0
2026-08-13 14:45:00,AXISBANK,BUY,0.1425,hold,1218.6,2,1.2,108616.39,0.0,108616.39,0.0
2026-08-13 14:45:00,BAJFINANCE,SELL,-0.1401,hold,1087.5,2,3.0,108616.39,0.0,108616.39,0.0
2026-08-13 14:45:00,COALINDIA,BUY,0.1696,pending,408.15,5,0.0,108616.39,0.0,108616.39,0.0
2026-08-13 14:45:00,EICHERMOT,BUY,0.1533,wait,8080.0,0,0.0,108616.39,0.0,108616.39,0.0
2026-08-13 14:45:00,HINDALCO,BUY,0.0513,hold,1046.0,1,-0.15,108616.39,0.0,108616.39,0.0
2026-08-13 14:50:00,BAJFINANCE,OPEN_SHORT,0.0,pending,1087.7,46,0.0,108616.39,0.0,108616.39,0.0
2026-08-13 14:50:00,AXISBANK,OPEN_LONG,0.0,pending,1219.1,72,0.0,108616.39,0.0,108616.39,0.0
2026-08-13 14:50:00,ADANIENT,BUY,0.1051,wait,2961.5,0,0.0,108616.39,0.0,108616.39,0.0
2026-08-13 14:50:00,ADANIPOWER,BUY,0.6179,wait,205.92,0,0.0,108616.39,0.0,108616.39,0.0
2026-08-13 14:50:00,AXISBANK,BUY,0.1425,pending,1219.1,0,0.0,108616.39,0.0,108616.39,0.0
2026-08-13 14:50:00,BAJFINANCE,SELL,-0.1401,pending,1087.7,0,0.0,108616.39,0.0,108616.39,0.0
2026-08-13 14:50:00,AXISBANK,MARKET_CLOSE_EXIT,0.0,closed,1219.3,72,-93.6,196405.99,-93.6,196405.99,80.8254
2026-08-13 14:50:00,BAJFINANCE,MARKET_CLOSE_EXIT,0.0,closed,1087.2,46,9.66,196405.99,-83.94,196405.99,80.8254
2026-08-14 10:30:00,DIVISLAB,OPEN_SHORT,0.0,filled,8539.0,3,0.0,108389.58,0.0,108389.58,0.0
2026-08-14 10:30:00,ADANIPOWER,OPEN_LONG,0.0,filled,206.8,209,0.0,108389.58,0.0,108389.58,0.0
2026-08-14 10:30:00,GAIL,OPEN_LONG,0.0,filled,173.9,161,0.0,108389.58,0.0,108389.58,0.0
2026-08-14 10:30:00,ADANIPOWER,BUY,0.1232,pending,206.8,209,0.0,108389.58,0.0,108389.58,0.0
2026-08-14 10:30:00,AMBUJACEM,BUY,0.0166,wait,418.5,0,0.0,108389.58,0.0,108389.58,0.0
2026-08-14 10:30:00,AXISBANK,SELL,-0.0388,wait,1210.6,0,0.0,108389.58,0.0,108389.58,0.0
2026-08-14 10:30:00,DIVISLAB,SELL,-0.0934,pending,8539.0,3,0.0,108389.58,0.0,108389.58,0.0
2026-08-14 10:30:00,GAIL,BUY,0.297,pending,173.9,161,0.0,108389.58,0.0,108389.58,0.0
2026-08-14 11:45:00,AXISBANK,OPEN_LONG,0.0,filled,1210.5,32,0.0,108389.58,0.0,108389.58,0.0
2026-08-14 11:45:00,ADANIPOWER,BUY,0.3274,pending,206.48,418,-62.7,108389.58,0.0,108389.58,0.0
2026-08-14 11:45:00,AMBUJACEM,BUY,0.0009,wait,416.7,0,0.0,108389.58,0.0,108389.58,0.0
2026-08-14 11:45:00,AXISBANK,BUY,0.0925,pending,1210.5,32,0.0,108389.58,0.0,108389.58,0.0
2026-08-14 11:45:00,DIVISLAB,SELL,-0.3703,pending,8535.0,6,9.0,108389.58,0.0,108389.58,0.0
2026-08-14 11:45:00,GAIL,SELL,-0.163,pending,173.9,161,4.03,108389.58,0.0,108389.58,0.0
2026-08-14 12:35:00,AXISBANK,OPEN_SHORT,0.0,filled,1214.7,28,0.0,108389.58,0.0,108389.58,0.0
2026-08-14 12:35:00,ADANIENT,OPEN_SHORT,0.0,filled,3011.5,17,0.0,108389.58,0.0,108389.58,0.0
2026-08-14 12:35:00,COALINDIA,OPEN_SHORT,0.0,filled,406.5,59,0.0,108389.58,0.0,108389.58,0.0
2026-08-14 12:35:00,EICHERMOT,OPEN_SHORT,0.0,filled,8113.5,1,0.0,108389.58,0.0,108389.58,0.0
2026-08-14 12:35:00,HINDALCO,OPEN_LONG,0.0,filled,1031.85,11,0.0,108389.58,0.0,108389.58,0.0
2026-08-14 12:35:00,ADANIPOWER,OPEN_SHORT,0.0,filled,205.66,215,0.0,108389.58,0.0,108389.58,0.0
2026-08-14 12:35:00,BAJFINANCE,OPEN_SHORT,0.0,filled,1088.9,22,0.0,108389.58,0.0,108389.58,0.0
2026-08-14 12:35:00,ADANIENT,SELL,-0.1867,pending,3011.5,17,0.0,108389.58,0.0,108389.58,0.0
2026-08-14 12:35:00,ADANIPOWER,SELL,-0.2902,pending,205.66,215,0.0,108389.58,0.0,108389.58,0.0
2026-08-14 12:35:00,AXISBANK,SELL,-0.0943,pending,1214.7,28,0.0,108389.58,0.0,108389.58,0.0
2026-08-14 12:35:00,BAJFINANCE,SELL,-0.4273,pending,1088.9,22,0.0,108389.58,0.0,108389.58,0.0
2026-08-14 12:35:00,COALINDIA,SELL,-0.2092,pending,406.5,59,0.0,108389.58,0.0,108389.58,0.0
2026-08-14 12:35:00,EICHERMOT,SELL,-0.1092,pending,8113.5,1,0.0,108389.58,0.0,108389.58,0.0
2026-08-14 12:35:00,HINDALCO,BUY,0.1899,pending,1031.85,11,0.0,108389.58,0.0,108389.58,0.0
2026-08-14 12:40:00,ADANIENT,SELL,-0.6467,pending,3011.0,34,9.35,108389.58,0.0,108389.58,0.0
2026-08-14 12:40:00,ADANIPOWER,SELL,-0.5185,pending,205.73,430,-11.82,108389.58,0.0,108389.58,0.0
2026-08-14 12:40:00,AXISBANK,SELL,-0.0733,hold,1213.4,28,36.4,108389.58,0.0,108389.58,0.0
2026-08-14 12:40:00,BAJFINANCE,SELL,-0.4585,pending,1088.7,44,-1.1,108389.58,0.0,108389.58,0.0
2026-08-14 12:40:00,COALINDIA,SELL,-0.0591,hold,406.6,59,-5.9,108389.58,0.0,108389.58,0.0
2026-08-14 12:40:00,EICHERMOT,SELL,-0.4422,pending,8112.0,2,1.75,108389.58,0.0,108389.58,0.0
2026-08-14 12:40:00,HINDALCO,SELL,-0.0417,hold,1032.4,11,6.05,108389.58,0.0,108389.58,0.0
2026-08-14 12:45:00,EICHERMOT,OPEN_SHORT,0.0,pending,8111.5,2,0.0,108389.58,0.0,108389.58,0.0
2026-08-14 12:45:00,BAJFINANCE,OPEN_SHORT,0.0,pending,1088.6,60,0.0,108389.58,0.0,108389.58,0.0
2026-08-14 12:45:00,AXISBANK,SELL,-0.0733,wait,1212.7,0,0.0,108389.58,0.0,108389.58,0.0
2026-08-14 12:45:00,BAJFINANCE,SELL,-0.4585,pending,1088.6,0,0.0,108389.58,0.0,108389.58,0.0
2026-08-14 12:45:00,EICHERMOT,SELL,-0.4422,pending,8111.5,0,0.0,108389.58,0.0,108389.58,0.0
2026-08-14 12:45:00,HINDALCO,SELL,-0.0417,wait,1032.05,0,0.0,108389.58,0.0,108389.58,0.0
2026-08-14 12:45:00,EICHERMOT,MARKET_CLOSE_EXIT,0.0,closed,8114.0,2,-2.0,108389.58,-2.0,108389.58,0.0
2026-08-14 12:45:00,BAJFINANCE,MARKET_CLOSE_EXIT,0.0,closed,1088.9,60,-30.0,108389.58,-32.0,108389.58,0.0
2026-08-14 12:55:00,ADANIENT,OPEN_LONG,0.0,filled,3013.5,17,0.0,108153.71,0.0,108153.71,-0.0
2026-08-14 12:55:00,COALINDIA,OPEN_LONG,0.0,filled,406.7,59,0.0,108153.71,0.0,108153.71,-0.0
2026-08-14 12:55:00,AXISBANK,OPEN_LONG,0.0,filled,1214.6,28,0.0,108153.71,0.0,108153.71,-0.0
2026-08-14 12:55:00,BAJFINANCE,OPEN_LONG,0.0,filled,1088.9,22,0.0,108153.71,0.0,108153.71,-0.0
2026-08-14 12:55:00,EICHERMOT,OPEN_LONG,0.0,filled,8116.0,1,0.0,108153.71,0.0,108153.71,-0.0
2026-08-14 12:55:00,HINDALCO,OPEN_LONG,0.0,filled,1032.0,11,0.0,108153.71,0.0,108153.71,-0.0
2026-08-14 12:55:00,ADANIPOWER,OPEN_LONG,0.0,filled,205.6,215,0.0,108153.71,0.0,108153.71,-0.0
2026-08-14 12:55:00,ADANIENT,BUY,0.4636,pending,3013.5,17,0.0,108153.71,0.0,108153.71,-0.0
2026-08-14 12:55:00,ADANIPOWER,BUY,0.7512,pending,205.6,215,0.0,108153.71,0.0,108153.71,-0.0
2026-08-14 12:55:00,AXISBANK,BUY,0.2095,pending,1214.6,28,0.0,108153.71,0.0,108153.71,-0.0
2026-08-14 12:55:00,BAJFINANCE,BUY,0.6027,pending,1088.9,22,0.0,108153.71,0.0,108153.71,-0.0
2026-08-14 12:55:00,COALINDIA,BUY,0.1922,pending,406.7,59,0.0,108153.71,0.0,108153.71,-0.0
2026-08-14 12:55:00,EICHERMOT,BUY,0.2949,pending,8116.0,1,0.0,108153.71,0.0,108153.71,-0.0
2026-08-14 12:55:00,HINDALCO,BUY,0.0588,pending,1032.0,11,0.0,108153.71,0.0,108153.71,-0.0
2026-08-14 13:00:00,ADANIENT,BUY,0.4937,pending,3013.7,34,9.35,108153.71,0.0,108153.71,-0.0
2026-08-14 13:00:00,ADANIPOWER,BUY,0.4557,pending,205.35,430,-35.48,108153.71,0.0,108153.71,-0.0
2026-08-14 13:00:00,AXISBANK,BUY,0.0389,hold,1214.6,28,0.0,108153.71,0.0,108153.71,-0.0
2026-08-14 13:00:00,BAJFINANCE,BUY,0.5641,pending,1088.4,44,-14.3,108153.71,0.0,108153.71,-0.0
2026-08-14 13:00:00,COALINDIA,BUY,0.0006,hold,406.7,59,0.0,108153.71,0.0,108153.71,-0.0
2026-08-14 13:00:00,EICHERMOT,BUY,0.0769,hold,8115.5,1,-0.5,108153.71,0.0,108153.71,-0.0
2026-08-14 13:00:00,HINDALCO,BUY,0.2238,pending,1031.45,22,-9.62,108153.71,0.0,108153.71,-0.0
2026-08-14 13:05:00,COALINDIA,SELL,-0.3731,wait,406.95,0,0.0,108153.71,0.0,108153.71,-0.0
2026-08-14 13:10:00,COALINDIA,SELL,-0.2992,wait,406.9,0,0.0,108153.71,0.0,108153.71,-0.0
2026-08-14 13:15:00,COALINDIA,SELL,-0.109,wait,406.85,0,0.0,108153.71,0.0,108153.71,-0.0
2026-08-14 15:15:00,ADANIPOWER,OPEN_SHORT,0.0,filled,205.28,216,0.0,108153.71,0.0,108153.71,-0.0
2026-08-14 15:15:00,BAJFINANCE,OPEN_SHORT,0.0,filled,1086.0,22,0.0,108153.71,0.0,108153.71,-0.0
2026-08-14 15:15:00,AXISBANK,OPEN_SHORT,0.0,filled,1216.0,28,0.0,108153.71,0.0,108153.71,-0.0
2026-08-14 15:15:00,ADANIENT,OPEN_SHORT,0.0,filled,3040.0,17,0.0,108153.71,0.0,108153.71,-0.0
2026-08-14 15:15:00,EICHERMOT,OPEN_SHORT,0.0,filled,8100.0,1,0.0,108153.71,0.0,108153.71,-0.0
2026-08-14 15:15:00,COALINDIA,OPEN_SHORT,0.0,filled,406.1,60,0.0,108153.71,0.0,108153.71,-0.0
2026-08-14 15:15:00,HINDALCO,OPEN_SHORT,0.0,filled,1036.0,11,0.0,108153.71,0.0,108153.71,-0.0
2026-08-14 15:15:00,ADANIENT,SELL,-0.2926,pending,3040.0,17,0.0,108153.71,0.0,108153.71,-0.0
2026-08-14 15:15:00,ADANIPOWER,SELL,-0.5589,pending,205.28,216,0.0,108153.71,0.0,108153.71,-0.0
2026-08-14 15:15:00,AXISBANK,SELL,-0.102,pending,1216.0,28,0.0,108153.71,0.0,108153.71,-0.0
2026-08-14 15:15:00,BAJFINANCE,SELL,-0.193,pending,1086.0,22,0.0,108153.71,0.0,108153.71,-0.0
2026-08-14 15:15:00,COALINDIA,SELL,-0.3657,pending,406.1,60,0.0,108153.71,0.0,108153.71,-0.0
2026-08-14 15:15:00,EICHERMOT,SELL,-0.3906,pending,8100.0,1,0.0,108153.71,0.0,108153.71,-0.0
2026-08-14 15:15:00,HINDALCO,SELL,-0.1261,pending,1036.0,11,0.0,108153.71,0.0,108153.71,-0.0
2026-08-14 15:20:00,ADANIPOWER,SELL,-0.0146,hold,205.28,216,0.0,108153.71,0.0,108153.71,-0.0
2026-08-14 15:20:00,AXISBANK,BUY,0.4432,pending,1216.0,28,-39.2,108153.71,0.0,108153.71,-0.0
2026-08-14 15:20:00,BAJFINANCE,SELL,-0.4561,pending,1086.0,44,26.4,108153.71,0.0,108153.71,-0.0
2026-08-14 15:20:00,EICHERMOT,BUY,0.0599,pending,8100.0,1,-27.5,108153.71,0.0,108153.71,-0.0
2026-08-14 15:20:00,HINDALCO,BUY,0.1466,pending,1036.0,11,8.8,108153.71,0.0,108153.71,-0.0
2026-08-17 09:30:00,GAIL,OPEN_LONG,0.0,filled,172.87,161,0.0,108243.98,0.0,108243.98,0.0
2026-08-17 09:30:00,AXISBANK,OPEN_SHORT,0.0,filled,1217.4,35,0.0,108243.98,0.0,108243.98,0.0
2026-08-17 09:30:00,DIVISLAB,OPEN_SHORT,0.0,filled,8527.5,3,0.0,108243.98,0.0,108243.98,0.0
2026-08-17 09:30:00,HCLTECH,OPEN_SHORT,0.0,filled,1343.1,15,0.0,108243.98,0.0,108243.98,0.0
2026-08-17 09:30:00,GODREJCP,OPEN_LONG,0.0,filled,927.2,30,0.0,108243.98,0.0,108243.98,0.0
2026-08-17 09:30:00,BAJFINANCE,OPEN_LONG,0.0,filled,1081.8,36,0.0,108243.98,0.0,108243.98,0.0
2026-08-17 09:30:00,AXISBANK,SELL,-0.2185,pending,1217.4,35,0.0,108243.98,0.0,108243.98,0.0
2026-08-17 09:30:00,BAJFINANCE,BUY,0.1678,pending,1081.8,36,0.0,108243.98,0.0,108243.98,0.0
2026-08-17 09:30:00,DIVISLAB,SELL,-0.2041,pending,8527.5,3,0.0,108243.98,0.0,108243.98,0.0
2026-08-17 09:30:00,GAIL,BUY,0.3229,pending,172.87,161,0.0,108243.98,0.0,108243.98,0.0
2026-08-17 09:30:00,GODREJCP,BUY,0.1185,pending,927.2,30,0.0,108243.98,0.0,108243.98,0.0
2026-08-17 09:30:00,HCLTECH,SELL,-0.109,pending,1343.1,15,0.0,108243.98,0.0,108243.98,0.0
2026-08-17 09:40:00,GODREJCP,OPEN_SHORT,0.0,pending,928.5,46,0.0,108243.98,0.0,108243.98,0.0
2026-08-17 09:40:00,HCLTECH,OPEN_LONG,0.0,pending,1343.7,18,0.0,108243.98,0.0,108243.98,0.0
2026-08-17 09:40:00,AXISBANK,OPEN_LONG,0.0,pending,1216.1,77,0.0,108243.98,0.0,108243.98,0.0
2026-08-17 09:40:00,BAJFINANCE,OPEN_SHORT,0.0,pending,1083.1,72,0.0,108243.98,0.0,108243.98,0.0
2026-08-17 09:40:00,AXISBANK,BUY,0.059,pending,1216.1,0,0.0,108243.98,0.0,108243.98,0.0
2026-08-17 09:40:00,BAJFINANCE,SELL,-0.058,pending,1083.1,0,0.0,108243.98,0.0,108243.98,0.0
2026-08-17 09:40:00,GODREJCP,SELL,-0.1756,pending,928.5,0,0.0,108243.98,0.0,108243.98,0.0
2026-08-17 09:40:00,HCLTECH,BUY,0.2123,pending,1343.7,0,0.0,108243.98,0.0,108243.98,0.0
2026-08-17 09:45:00,BAJFINANCE,EXPAND_SHORT,0.0,pending,1083.2,72,7.2,108243.98,0.0,108243.98,0.0
2026-08-17 09:45:00,GODREJCP,FLIP_TO_LONG,0.0,pending,928.2,92,13.8,108243.98,0.0,108243.98,0.0
2026-08-17 09:45:00,AXISBANK,FLIP_TO_SHORT,0.0,pending,1222.5,154,148.61,108243.98,0.0,108243.98,0.0
2026-08-17 09:45:00,AXISBANK,SELL,-0.1697,pending,1222.5,77,148.61,108243.98,0.0,108243.98,0.0
2026-08-17 09:45:00,BAJFINANCE,SELL,-0.1799,pending,1083.2,72,7.2,108243.98,0.0,108243.98,0.0
2026-08-17 09:45:00,GODREJCP,BUY,0.185,pending,928.2,46,13.8,108243.98,0.0,108243.98,0.0
2026-08-17 09:45:00,HCLTECH,BUY,0.0433,hold,1340.8,18,-57.6,108243.98,0.0,108243.98,0.0
2026-08-17 09:45:00,AXISBANK,FLIP_TO_SHORT,0.0,closed,1223.0,154,187.11,296585.98,187.11,296697.99,174.1011
2026-08-17 09:45:00,GODREJCP,FLIP_TO_LONG,0.0,closed,928.77,92,-12.42,296585.98,174.69,296697.99,174.1011
2026-08-17 09:50:00,BAJFINANCE,EXPAND_SHORT,0.0,pending,1084.4,72,-165.6,296585.98,174.69,296697.99,174.1011
2026-08-17 09:50:00,AXISBANK,FLIP_TO_LONG,0.0,pending,1222.0,154,77.0,296585.98,174.69,296697.99,174.1011
2026-08-17 09:50:00,AXISBANK,BUY,0.1154,pending,1222.0,77,77.0,296585.98,174.69,296697.99,174.1011
2026-08-17 09:50:00,BAJFINANCE,SELL,-0.1687,pending,1084.4,144,-165.6,296585.98,174.69,296697.99,174.1011
2026-08-17 09:50:00,GODREJCP,SELL,-0.0396,hold,928.5,46,-12.42,296585.98,174.69,296697.99,174.1011
2026-08-17 09:50:00,HCLTECH,SELL,-0.002,hold,1342.6,18,-25.2,296585.98,174.69,296697.99,174.1011
2026-08-17 09:50:00,AXISBANK,FLIP_TO_LONG,0.0,closed,1222.3,154,53.9,296585.98,228.59,296459.76,173.8811
2026-08-17 09:50:00,BAJFINANCE,MARKET_CLOSE_EXIT,0.0,closed,1083.41,216,0.72,296585.98,229.31,296459.76,173.8811
2026-08-17 09:50:00,GODREJCP,MARKET_CLOSE_EXIT,0.0,closed,929.6,46,38.18,339347.58,267.49,339221.36,213.3859
2026-08-17 09:50:00,AXISBANK,MARKET_CLOSE_EXIT,0.0,closed,1221.0,77,-100.1,433364.58,167.39,433238.36,300.2425
2026-08-17 09:50:00,HCLTECH,MARKET_CLOSE_EXIT,0.0,closed,1341.0,18,-54.0,457502.58,113.39,457376.36,322.5421
2026-08-17 10:00:00,BAJFINANCE,OPEN_SHORT,0.0,filled,1083.1,36,0.0,106679.15,0.0,106679.15,-0.0
2026-08-17 10:00:00,HCLTECH,OPEN_SHORT,0.0,filled,1339.8,15,0.0,106679.15,0.0,106679.15,-0.0
2026-08-17 10:00:00,DIVISLAB,OPEN_LONG,0.0,filled,8528.5,3,0.0,106679.15,0.0,106679.15,-0.0
2026-08-17 10:00:00,AXISBANK,BUY,0.0269,wait,1223.6,0,0.0,106679.15,0.0,106679.15,-0.0
2026-08-17 10:00:00,BAJFINANCE,SELL,-0.0642,pending,1083.1,36,0.0,106679.15,0.0,106679.15,-0.0
2026-08-17 10:00:00,DIVISLAB,BUY,0.0826,pending,8528.5,3,0.0,106679.15,0.0,106679.15,-0.0
2026-08-17 10:00:00,GAIL,SELL,-0.0101,wait,172.53,0,0.0,106679.15,0.0,106679.15,-0.0
2026-08-17 10:00:00,GODREJCP,BUY,0.043,wait,928.7,0,0.0,106679.15,0.0,106679.15,-0.0
2026-08-17 10:00:00,HCLTECH,SELL,-0.3649,pending,1339.8,15,0.0,106679.15,0.0,106679.15,-0.0
2026-08-17 10:35:00,DIVISLAB,OPEN_SHORT,0.0,filled,8492.0,3,0.0,106679.15,0.0,106679.15,-0.0
2026-08-17 10:35:00,GAIL,OPEN_SHORT,0.0,filled,172.46,162,0.0,106679.15,0.0,106679.15,-0.0
2026-08-17 10:35:00,GODREJCP,OPEN_LONG,0.0,filled,929.4,30,0.0,106679.15,0.0,106679.15,-0.0
2026-08-17 10:35:00,BAJFINANCE,OPEN_SHORT,0.0,filled,1084.0,36,0.0,106679.15,0.0,106679.15,-0.0
2026-08-17 10:35:00,AXISBANK,OPEN_SHORT,0.0,filled,1215.0,35,0.0,106679.15,0.0,106679.15,-0.0
2026-08-17 10:35:00,HCLTECH,OPEN_LONG,0.0,filled,1340.8,15,0.0,106679.15,0.0,106679.15,-0.0
2026-08-17 10:35:00,AXISBANK,SELL,-0.3969,pending,1215.0,35,0.0,106679.15,0.0,106679.15,-0.0
2026-08-17 10:35:00,BAJFINANCE,SELL,-0.2794,pending,1084.0,36,0.0,106679.15,0.0,106679.15,-0.0
2026-08-17 10:35:00,DIVISLAB,SELL,-0.1282,pending,8492.0,3,0.0,106679.15,0.0,106679.15,-0.0
2026-08-17 10:35:00,GAIL,SELL,-0.1607,pending,172.46,162,0.0,106679.15,0.0,106679.15,-0.0
2026-08-17 10:35:00,GODREJCP,BUY,0.1334,pending,929.4,30,0.0,106679.15,0.0,106679.15,-0.0
2026-08-17 10:35:00,HCLTECH,BUY,0.3004,pending,1340.8,15,0.0,106679.15,0.0,106679.15,-0.0
2026-08-17 10:40:00,AXISBANK,SELL,-0.1498,hold,1214.7,35,10.5,106679.15,0.0,106679.15,-0.0
2026-08-17 10:40:00,BAJFINANCE,BUY,0.0835,pending,1084.5,36,1.8,106679.15,0.0,106679.15,-0.0
2026-08-17 10:40:00,DIVISLAB,BUY,0.2181,pending,8496.5,3,2.25,106679.15,0.0,106679.15,-0.0
2026-08-17 10:40:00,GAIL,SELL,-0.0489,hold,172.35,162,17.82,106679.15,0.0,106679.15,-0.0
2026-08-17 10:40:00,GODREJCP,SELL,-0.0991,pending,929.5,30,3.0,106679.15,0.0,106679.15,-0.0
2026-08-17 10:40:00,HCLTECH,SELL,-0.421,pending,1341.3,15,-9.0,106679.15,0.0,106679.15,-0.0
2026-08-17 10:45:00,GODREJCP,OPEN_SHORT,0.0,pending,928.4,53,0.0,106679.15,112.67,106679.15,-0.0
2026-08-17 10:45:00,AXISBANK,OPEN_SHORT,0.0,pending,1215.2,88,0.0,106679.15,112.67,106679.15,-0.0
2026-08-17 10:45:00,HCLTECH,OPEN_SHORT,0.0,pending,1336.4,20,0.0,106679.15,112.67,106679.15,-0.0
2026-08-17 10:45:00,AXISBANK,SELL,-0.1498,pending,1215.2,0,0.0,106679.15,112.67,106679.15,-0.0
2026-08-17 10:45:00,GAIL,SELL,-0.0489,wait,172.3,0,0.0,106679.15,112.67,106679.15,-0.0
2026-08-17 10:45:00,GODREJCP,SELL,-0.256,pending,928.4,0,0.0,106679.15,112.67,106679.15,-0.0
2026-08-17 10:45:00,HCLTECH,SELL,-0.421,pending,1336.4,0,0.0,106679.15,112.67,106679.15,-0.0
2026-08-17 10:50:00,GAIL,OPEN_LONG,0.0,pending,172.39,286,0.0,106679.15,112.67,106679.15,-0.0
2026-08-17 10:50:00,AXISBANK,SELL,-0.0347,hold,1216.0,88,-53.68,106679.15,112.67,106679.15,-0.0
2026-08-17 10:50:00,GAIL,BUY,0.1914,pending,172.39,0,0.0,106679.15,112.67,106679.15,-0.0
2026-08-17 10:50:00,GODREJCP,BUY,0.0184,hold,928.8,53,-42.4,106679.15,112.67,106679.15,-0.0
2026-08-17 10:50:00,HCLTECH,SELL,-0.0876,hold,1334.4,20,-9.2,106679.15,112.67,106679.15,-0.0
2026-08-17 10:50:00,HCLTECH,MARKET_CLOSE_EXIT,0.0,closed,1334.7,20,-15.2,106679.15,97.47,106573.87,-0.0987
2026-08-17 10:50:00,GODREJCP,MARKET_CLOSE_EXIT,0.0,closed,928.7,53,-37.1,106679.15,60.37,106573.87,-0.0987
2026-08-17 10:50:00,GAIL,MARKET_CLOSE_EXIT,0.0,closed,172.39,286,-2.86,155982.69,57.51,155877.41,46.118
2026-08-17 10:50:00,AXISBANK,MARKET_CLOSE_EXIT,0.0,closed,1216.3,88,-80.08,155982.69,-22.57,155877.41,46.118
2026-08-17 11:05:00,GAIL,OPEN_SHORT,0.0,filled,172.25,162,0.0,106074.7,0.0,106074.7,-0.0
2026-08-17 11:05:00,BAJFINANCE,OPEN_SHORT,0.0,filled,1091.1,35,0.0,106074.7,0.0,106074.7,-0.0
2026-08-17 11:05:00,AXISBANK,OPEN_LONG,0.0,filled,1217.9,35,0.0,106074.7,0.0,106074.7,-0.0
2026-08-17 11:05:00,DIVISLAB,OPEN_SHORT,0.0,filled,8493.5,3,0.0,106074.7,0.0,106074.7,-0.0
2026-08-17 11:05:00,GODREJCP,OPEN_LONG,0.0,filled,929.4,30,0.0,106074.7,0.0,106074.7,-0.0
2026-08-17 11:05:00,HCLTECH,OPEN_LONG,0.0,filled,1333.5,15,0.0,106074.7,0.0,106074.7,-0.0
2026-08-17 11:05:00,AXISBANK,BUY,0.2,pending,1217.9,35,0.0,106074.7,0.0,106074.7,-0.0
2026-08-17 11:05:00,BAJFINANCE,SELL,-0.2419,pending,1091.1,35,0.0,106074.7,0.0,106074.7,-0.0
2026-08-17 11:05:00,DIVISLAB,SELL,-0.2231,pending,8493.5,3,0.0,106074.7,0.0,106074.7,-0.0
2026-08-17 11:05:00,GAIL,SELL,-0.3545,pending,172.25,162,0.0,106074.7,0.0,106074.7,-0.0
2026-08-17 11:05:00,GODREJCP,BUY,0.2116,pending,929.4,30,0.0,106074.7,0.0,106074.7,-0.0
2026-08-17 11:05:00,HCLTECH,BUY,0.4257,pending,1333.5,15,0.0,106074.7,0.0,106074.7,-0.0
2026-08-17 11:05:00,GAIL,OPEN_LONG,0.0,pending,172.29,1341,0.0,106074.7,0.0,106074.7,-0.0
2026-08-17 11:05:00,GAIL,BUY,0.1415,pending,172.29,0,0.0,106074.7,0.0,106074.7,-0.0
2026-08-17 11:05:00,GAIL,MARKET_CLOSE_EXIT,0.0,closed,172.12,1341,13.41,336887.62,13.41,336887.62,217.5947
2026-08-17 11:35:00,DIVISLAB,OPEN_LONG,0.0,filled,8490.5,3,0.0,105509.52,0.0,105509.52,0.0
2026-08-17 11:35:00,GAIL,OPEN_LONG,0.0,filled,172.08,162,0.0,105509.52,0.0,105509.52,0.0
2026-08-17 11:35:00,AXISBANK,OPEN_LONG,0.0,filled,1215.7,35,0.0,105509.52,0.0,105509.52,0.0
2026-08-17 11:35:00,HCLTECH,OPEN_SHORT,0.0,filled,1331.3,15,0.0,105509.52,0.0,105509.52,0.0
2026-08-17 11:35:00,BAJFINANCE,OPEN_SHORT,0.0,filled,1091.9,35,0.0,105509.52,0.0,105509.52,0.0
2026-08-17 11:35:00,GODREJCP,OPEN_LONG,0.0,filled,926.0,30,0.0,105509.52,0.0,105509.52,0.0
2026-08-17 11:35:00,AXISBANK,BUY,0.3974,pending,1215.7,35,0.0,105509.52,0.0,105509.52,0.0
2026-08-17 11:35:00,BAJFINANCE,SELL,-0.0855,pending,1091.9,35,0.0,105509.52,0.0,105509.52,0.0
2026-08-17 11:35:00,DIVISLAB,BUY,0.378,pending,8490.5,3,0.0,105509.52,0.0,105509.52,0.0
2026-08-17 11:35:00,GAIL,BUY,0.3776,pending,172.08,162,0.0,105509.52,0.0,105509.52,0.0
2026-08-17 11:35:00,GODREJCP,BUY,0.0833,pending,926.0,30,0.0,105509.52,0.0,105509.52,0.0
2026-08-17 11:35:00,HCLTECH,SELL,-0.3259,pending,1331.3,15,0.0,105509.52,0.0,105509.52,0.0
2026-08-17 11:40:00,AXISBANK,BUY,0.5002,pending,1213.9,70,-75.25,105509.52,0.0,105509.52,0.0
2026-08-17 11:40:00,BAJFINANCE,BUY,0.3199,pending,1092.1,35,7.0,105509.52,0.0,105509.52,0.0
2026-08-17 11:40:00,DIVISLAB,SELL,-0.1957,pending,8485.0,3,2.25,105509.52,0.0,105509.52,0.0
2026-08-17 11:40:00,GAIL,BUY,0.43,pending,172.11,324,3.24,105509.52,0.0,105509.52,0.0
2026-08-17 11:40:00,GODREJCP,BUY,0.3114,pending,926.3,60,9.0,105509.52,0.0,105509.52,0.0
2026-08-17 11:40:00,HCLTECH,BUY,0.1604,pending,1331.3,15,-4.5,105509.52,0.0,105509.52,0.0
2026-08-17 11:45:00,DIVISLAB,OPEN_SHORT,0.0,pending,8481.0,11,0.0,105509.52,0.0,105509.52,0.0
2026-08-17 11:45:00,GAIL,OPEN_LONG,0.0,pending,172.18,386,0.0,105509.52,0.0,105509.52,0.0
2026-08-17 11:45:00,GODREJCP,OPEN_LONG,0.0,pending,927.2,71,0.0,105509.52,0.0,105509.52,0.0
2026-08-17 11:45:00,DIVISLAB,SELL,-0.1957,pending,8481.0,0,0.0,105509.52,0.0,105509.52,0.0
2026-08-17 11:45:00,GAIL,BUY,0.43,pending,172.18,0,0.0,105509.52,0.0,105509.52,0.0
2026-08-17 11:45:00,GODREJCP,BUY,0.3114,pending,927.2,0,0.0,105509.52,0.0,105509.52,0.0
2026-08-17 11:50:00,DIVISLAB,EXPAND_SHORT,0.0,pending,8484.0,11,-38.5,105509.52,0.0,105509.52,0.0
2026-08-17 11:50:00,GAIL,FLIP_TO_SHORT,0.0,pending,172.14,772,-3.86,105509.52,0.0,105509.52,0.0
2026-08-17 11:50:00,GODREJCP,EXPAND_LONG,0.0,pending,927.6,71,33.37,105509.52,0.0,105509.52,0.0
2026-08-17 11:50:00,DIVISLAB,SELL,-0.4324,pending,8484.0,11,-38.5,105509.52,0.0,105509.52,0.0
2026-08-17 11:50:00,GAIL,SELL,-0.456,pending,172.14,386,-3.86,105509.52,0.0,105509.52,0.0
2026-08-17 11:50:00,GODREJCP,BUY,0.1924,pending,927.6,71,33.37,105509.52,0.0,105509.52,0.0
2026-08-17 11:50:00,GAIL,FLIP_TO_SHORT,0.0,closed,172.12,772,-11.58,238386.16,-11.58,238377.17,125.9295
2026-08-17 11:55:00,GAIL,EXPAND_SHORT,0.0,pending,172.18,386,-23.16,238386.16,-11.58,238377.17,125.9295
2026-08-17 11:55:00,DIVISLAB,FLIP_TO_LONG,0.0,pending,8488.5,44,-77.0,238386.16,-11.58,238377.17,125.9295
2026-08-17 11:55:00,GODREJCP,FLIP_TO_SHORT,0.0,pending,927.1,284,-23.43,238386.16,-11.58,238377.17,125.9295
2026-08-17 11:55:00,DIVISLAB,BUY,0.2613,pending,8488.5,22,-77.0,238386.16,-11.58,238377.17,125.9295
2026-08-17 11:55:00,GAIL,SELL,-0.3035,pending,172.18,386,-23.16,238386.16,-11.58,238377.17,125.9295
2026-08-17 11:55:00,GODREJCP,SELL,-0.3014,pending,927.1,142,-23.43,238386.16,-11.58,238377.17,125.9295
2026-08-17 11:55:00,DIVISLAB,FLIP_TO_LONG,0.0,closed,8489.5,44,-99.0,238386.16,-110.58,238262.57,125.8209
2026-08-17 11:55:00,GODREJCP,FLIP_TO_SHORT,0.0,closed,926.54,284,-102.95,501523.52,-213.53,501399.93,375.2177
2026-08-17 11:55:00,DIVISLAB,EXIT_LONG,0.0,closed,8483.5,22,-132.0,688160.52,-345.53,688036.93,552.1089
2026-08-17 12:00:00,GAIL,COVER_SHORT,0.0,closed,172.2,772,-61.76,688160.52,-407.29,688036.93,552.1089
2026-08-17 12:00:00,GODREJCP,COVER_SHORT,0.0,closed,927.72,142,-167.56,688160.52,-574.85,688036.93,552.1089
2026-08-17 12:00:00,GODREJCP,OPEN_SHORT,0.0,pending,927.6,71,0.0,688160.52,-574.85,688036.93,552.1089
2026-08-17 12:00:00,DIVISLAB,OPEN_LONG,0.0,pending,8485.0,11,0.0,688160.52,-574.85,688036.93,552.1089
2026-08-17 12:00:00,DIVISLAB,BUY,0.3137,pending,8485.0,0,0.0,688160.52,-574.85,688036.93,552.1089
2026-08-17 12:00:00,GAIL,BUY,0.0242,wait,172.19,0,0.0,688160.52,-574.85,688036.93,552.1089
2026-08-17 12:00:00,GODREJCP,SELL,-0.3911,pending,927.6,0,0.0,688160.52,-574.85,688036.93,552.1089
2026-08-25 10:30:00,HCLTECH,OPEN_SHORT,0.0,filled,1300.7,18,0.0,106021.16,0.0,106021.16,0.0
2026-08-25 10:30:00,HINDALCO,OPEN_SHORT,0.0,filled,1045.25,19,0.0,106021.16,0.0,106021.16,0.0
2026-08-25 10:30:00,BRITANNIA,BUY,0.0104,wait,5313.5,0,0.0,106021.16,0.0,106021.16,0.0
2026-08-25 10:30:00,HCLTECH,SELL,-0.0835,pending,1300.7,18,0.0,106021.16,0.0,106021.16,0.0
2026-08-25 10:30:00,HINDALCO,SELL,-0.1376,pending,1045.25,19,0.0,106021.16,0.0,106021.16,0.0
2026-08-25 11:45:00,BRITANNIA,OPEN_LONG,0.0,filled,5331.5,5,0.0,106021.16,0.0,106021.16,0.0
2026-08-25 11:45:00,BRITANNIA,BUY,0.1459,pending,5331.5,5,0.0,106021.16,0.0,106021.16,0.0
2026-08-25 11:45:00,HCLTECH,SELL,-0.1272,hold,1301.9,18,-21.6,106021.16,0.0,106021.16,0.0
2026-08-25 11:45:00,HINDALCO,SELL,-0.0889,hold,1049.25,19,-76.0,106021.16,0.0,106021.16,0.0
2026-08-25 13:00:00,HCLTECH,OPEN_SHORT,0.0,pending,1296.7,86,0.0,106021.16,0.0,106021.16,0.0
2026-08-25 13:00:00,BRITANNIA,OPEN_LONG,0.0,pending,5330.5,25,0.0,106021.16,0.0,106021.16,0.0
2026-08-25 13:00:00,BRITANNIA,BUY,0.0638,pending,5330.5,0,0.0,106021.16,0.0,106021.16,0.0
2026-08-25 13:00:00,HCLTECH,SELL,-0.1246,pending,1296.7,0,0.0,106021.16,0.0,106021.16,0.0
2026-08-25 14:15:00,BRITANNIA,EXPAND_LONG,0.0,pending,5331.0,25,-50.0,106021.16,0.0,106021.16,0.0
2026-08-25 14:15:00,HCLTECH,FLIP_TO_LONG,0.0,pending,1303.9,172,-662.2,106021.16,0.0,106021.16,0.0
2026-08-25 14:15:00,BRITANNIA,BUY,0.2901,pending,5331.0,25,-50.0,106021.16,0.0,106021.16,0.0
2026-08-25 14:15:00,HCLTECH,BUY,0.1254,pending,1303.9,86,-662.2,106021.16,0.0,106021.16,0.0
2026-08-25 14:15:00,HCLTECH,FLIP_TO_LONG,0.0,closed,1303.53,172,-630.38,106021.16,-630.38,105308.96,-0.6718
2026-08-25 14:15:00,BRITANNIA,MARKET_CLOSE_EXIT,0.0,closed,5346.5,50,700.0,373346.16,69.62,372633.96,251.4713
2026-08-25 14:15:00,HCLTECH,MARKET_CLOSE_EXIT,0.0,closed,1308.13,86,395.6,485845.34,465.22,485133.14,357.5814
2026-08-31 10:30:00,BAJFINANCE,OPEN_SHORT,0.0,filled,1056.4,13,0.0,106169.92,0.0,106169.92,0.0
2026-08-31 10:30:00,MARUTI,OPEN_SHORT,0.0,filled,13331.0,1,0.0,106169.92,0.0,106169.92,0.0
2026-08-31 10:30:00,BANKBARODA,OPEN_SHORT,0.0,filled,237.22,89,0.0,106169.92,0.0,106169.92,0.0
2026-08-31 10:30:00,BAJFINANCE,SELL,-0.1374,pending,1056.4,13,0.0,106169.92,0.0,106169.92,0.0
2026-08-31 10:30:00,BANKBARODA,SELL,-0.2475,pending,237.22,89,0.0,106169.92,0.0,106169.92,0.0
2026-08-31 10:30:00,HCLTECH,SELL,-0.013,wait,1308.6,0,0.0,106169.92,0.0,106169.92,0.0
2026-08-31 10:30:00,MARUTI,SELL,-0.3166,pending,13331.0,1,0.0,106169.92,0.0,106169.92,0.0
2026-08-31 11:45:00,HCLTECH,OPEN_SHORT,0.0,filled,1306.5,14,0.0,106169.92,0.0,106169.92,0.0
2026-08-31 11:45:00,BAJFINANCE,SELL,-0.0695,hold,1056.2,13,2.6,106169.92,0.0,106169.92,0.0
2026-08-31 11:45:00,BANKBARODA,BUY,0.4014,pending,237.33,89,-0.44,106169.92,0.0,106169.92,0.0
2026-08-31 11:45:00,HCLTECH,SELL,-0.3217,pending,1306.5,14,0.0,106169.92,0.0,106169.92,0.0
2026-08-31 11:45:00,MARUTI,BUY,0.1044,pending,13277.0,1,-5.5,106169.92,0.0,106169.92,0.0
2026-08-31 13:00:00,MARUTI,OPEN_SHORT,0.0,pending,13428.0,4,0.0,106169.92,0.0,106169.92,0.0
2026-08-31 13:00:00,BANKBARODA,SELL,-0.0283,wait,237.64,0,0.0,106169.92,0.0,106169.92,0.0
2026-08-31 13:00:00,MARUTI,SELL,-0.1387,pending,13428.0,0,0.0,106169.92,0.0,106169.92,0.0
2026-08-31 14:15:00,BANKBARODA,OPEN_SHORT,0.0,pending,237.07,359,0.0,106169.92,0.0,106169.92,0.0
2026-08-31 14:15:00,BANKBARODA,SELL,-0.1031,pending,237.07,0,0.0,106169.92,0.0,106169.92,0.0
2026-08-31 14:15:00,MARUTI,SELL,-0.1166,hold,13430.0,4,4.0,106169.92,0.0,106169.92,0.0
2026-08-31 14:15:00,BANKBARODA,MARKET_CLOSE_EXIT,0.0,closed,237.38,359,-100.52,106169.92,-100.52,106173.92,0.0038
2026-08-31 14:15:00,MARUTI,MARKET_CLOSE_EXIT,0.0,closed,13424.0,4,28.0,106169.92,-72.52,106173.92,0.0038
2026-09-01 10:30:00,SBIN,OPEN_LONG,0.0,filled,1044.2,19,0.0,105953.61,0.0,105953.61,0.0
2026-09-01 10:30:00,BRITANNIA,BUY,0.0144,wait,5220.0,0,0.0,105953.61,0.0,105953.61,0.0
2026-09-01 10:30:00,HCLTECH,SELL,-0.036,wait,1338.7,0,0.0,105953.61,0.0,105953.61,0.0
2026-09-01 10:30:00,SBIN,BUY,0.1433,pending,1044.2,19,0.0,105953.61,0.0,105953.61,0.0
2026-09-01 11:45:00,BRITANNIA,OPEN_SHORT,0.0,filled,5192.0,5,0.0,105953.61,0.0,105953.61,0.0
2026-09-01 11:45:00,HCLTECH,OPEN_SHORT,0.0,filled,1351.5,17,0.0,105953.61,0.0,105953.61,0.0
2026-09-01 11:45:00,BRITANNIA,SELL,-0.1604,pending,5192.0,5,0.0,105953.61,0.0,105953.61,0.0
2026-09-01 11:45:00,HCLTECH,SELL,-0.36,pending,1351.5,17,0.0,105953.61,0.0,105953.61,0.0
2026-09-01 11:45:00,SBIN,BUY,0.1048,hold,1042.7,19,-28.5,105953.61,0.0,105953.61,0.0
2026-09-01 13:00:00,BRITANNIA,OPEN_SHORT,0.0,pending,5174.5,27,0.0,105953.61,0.0,105953.61,0.0
2026-09-01 13:00:00,BRITANNIA,SELL,-0.3083,pending,5174.5,0,0.0,105953.61,0.0,105953.61,0.0
2026-09-01 14:15:00,BRITANNIA,FLIP_TO_LONG,0.0,pending,5152.0,54,540.0,105953.61,0.0,105953.61,0.0
2026-09-01 14:15:00,BRITANNIA,BUY,0.1488,pending,5152.0,27,540.0,105953.61,0.0,105953.61,0.0
2026-09-01 14:15:00,BRITANNIA,FLIP_TO_LONG,0.0,closed,5152.37,54,530.01,105953.61,530.01,106493.61,0.5097
2026-09-01 14:15:00,BRITANNIA,MARKET_CLOSE_EXIT,0.0,closed,5152.39,27,0.54,245068.14,530.55,245608.14,131.8072
